src_spk,tgt_spk,utt_id,src_wav,tgt_wav,pair,expected_output
bdl,clb,arctic_b0508,C:\Users\puehrifi\OneDrive - Eawag\voicegrad\data\wav\bdl\wav\arctic_b0508.wav,C:\Users\puehrifi\OneDrive - Eawag\voicegrad\data\wav\clb\wav\arctic_b0508.wav,bdl_to_clb,generated_wavs/bdl_to_clb/arctic_b0508.wav
bdl,clb,arctic_b0509,C:\Users\puehrifi\OneDrive - Eawag\voicegrad\data\wav\bdl\wav\arctic_b0509.wav,C:\Users\puehrifi\OneDrive - Eawag\voicegrad\data\wav\clb\wav\arctic_b0509.wav,bdl_to_clb,generated_wavs/bdl_to_clb/arctic_b0509.wav
bdl,clb,arctic_b0510,C:\Users\puehrifi\OneDrive - Eawag\voicegrad\data\wav\bdl\wav\arctic_b0510.wav,C:\Users\puehrifi\OneDrive - Eawag\voicegrad\data\wav\clb\wav\arctic_b0510.wav,bdl_to_clb,generated_wavs/bdl_to_clb/arctic_b0510.wav
bdl,clb,arctic_b0511,C:\Users\puehrifi\OneDrive - Eawag\voicegrad\data\wav\bdl\wav\arctic_b0511.wav,C:\Users\puehrifi\OneDrive - Eawag\voicegrad\data\wav\clb\wav\arctic_b0511.wav,bdl_to_clb,generated_wavs/bdl_to_clb/arctic_b0511.wav
bdl,clb,arctic_b0512,C:\Users\puehrifi\OneDrive - Eawag\voicegrad\data\wav\bdl\wav\arctic_b0512.wav,C:\Users\puehrifi\OneDrive - Eawag\voicegrad\data\wav\clb\wav\arctic_b0512.wav,bdl_to_clb,generated_wavs/bdl_to_clb/arctic_b0512.wav
bdl,clb,arctic_b0513,C:\Users\puehrifi\OneDrive - Eawag\voicegrad\data\wav\bdl\wav\arctic_b0513.wav,C:\Users\puehrifi\OneDrive - Eawag\voicegrad\data\wav\clb\wav\arctic_b0513.wav,bdl_to_clb,generated_wavs/bdl_to_clb/arctic_b0513.wav
bdl,clb,arctic_b0514,C:\Users\puehrifi\OneDrive - Eawag\voicegrad\data\wav\bdl\wav\arctic_b0514.wav,C:\Users\puehrifi\OneDrive - Eawag\voicegrad\data\wav\clb\wav\arctic_b0514.wav,bdl_to_clb,generated_wavs/bdl_to_clb/arctic_b0514.wav
bdl,clb,arctic_b0515,C:\Users\puehrifi\OneDrive - Eawag\voicegrad\data\wav\bdl\wav\arctic_b0515.wav,C:\Users\puehrifi\OneDrive - Eawag\voicegrad\data\wav\clb\wav\arctic_b0515.wav,bdl_to_clb,generated_wavs/bdl_to_clb/arctic_b0515.wav
bdl,clb,arctic_b0516,C:\Users\puehrifi\OneDrive - Eawag\voicegrad\data\wav\bdl\wav\arctic_b0516.wav,C:\Users\puehrifi\OneDrive - Eawag\voicegrad\data\wav\clb\wav\arctic_b0516.wav,bdl_to_clb,generated_wavs/bdl_to_clb/arctic_b0516.wav
bdl,clb,arctic_b0517,C:\Users\puehrifi\OneDrive - Eawag\voicegrad\data\wav\bdl\wav\arctic_b0517.wav,C:\Users\puehrifi\OneDrive - Eawag\voicegrad\data\wav\clb\wav\arctic_b0517.wav,bdl_to_clb,generated_wavs/bdl_to_clb/arctic_b0517.wav
bdl,clb,arctic_b0518,C:\Users\puehrifi\OneDrive - Eawag\voicegrad\data\wav\bdl\wav\arctic_b0518.wav,C:\Users\puehrifi\OneDrive - Eawag\voicegrad\data\wav\clb\wav\arctic_b0518.wav,bdl_to_clb,generated_wavs/bdl_to_clb/arctic_b0518.wav
bdl,clb,arctic_b0519,C:\Users\puehrifi\OneDrive - Eawag\voicegrad\data\wav\bdl\wav\arctic_b0519.wav,C:\Users\puehrifi\OneDrive - Eawag\voicegrad\data\wav\clb\wav\arctic_b0519.wav,bdl_to_clb,generated_wavs/bdl_to_clb/arctic_b0519.wav
bdl,clb,arctic_b0520,C:\Users\puehrifi\OneDrive - Eawag\voicegrad\data\wav\bdl\wav\arctic_b0520.wav,C:\Users\puehrifi\OneDrive - Eawag\voicegrad\data\wav\clb\wav\arctic_b0520.wav,bdl_to_clb,generated_wavs/bdl_to_clb/arctic_b0520.wav
bdl,clb,arctic_b0521,C:\Users\puehrifi\OneDrive - Eawag\voicegrad\data\wav\bdl\wav\arctic_b0521.wav,C:\Users\puehrifi\OneDrive - Eawag\voicegrad\data\wav\clb\wav\arctic_b0521.wav,bdl_to_clb,generated_wavs/bdl_to_clb/arctic_b0521.wav
bdl,clb,arctic_b0522,C:\Users\puehrifi\OneDrive - Eawag\voicegrad\data\wav\bdl\wav\arctic_b0522.wav,C:\Users\puehrifi\OneDrive - Eawag\voicegrad\data\wav\clb\wav\arctic_b0522.wav,bdl_to_clb,generated_wavs/bdl_to_clb/arctic_b0522.wav
bdl,clb,arctic_b0523,C:\Users\puehrifi\OneDrive - Eawag\voicegrad\data\wav\bdl\wav\arctic_b0523.wav,C:\Users\puehrifi\OneDrive - Eawag\voicegrad\data\wav\clb\wav\arctic_b0523.wav,bdl_to_clb,generated_wavs/bdl_to_clb/arctic_b0523.wav
bdl,clb,arctic_b0524,C:\Users\puehrifi\OneDrive - Eawag\voicegrad\data\wav\bdl\wav\arctic_b0524.wav,C:\Users\puehrifi\OneDrive - Eawag\voicegrad\data\wav\clb\wav\arctic_b0524.wav,bdl_to_clb,generated_wavs/bdl_to_clb/arctic_b0524.wav
bdl,clb,arctic_b0525,C:\Users\puehrifi\OneDrive - Eawag\voicegrad\data\wav\bdl\wav\arctic_b0525.wav,C:\Users\puehrifi\OneDrive - Eawag\voicegrad\data\wav\clb\wav\arctic_b0525.wav,bdl_to_clb,generated_wavs/bdl_to_clb/arctic_b0525.wav
bdl,clb,arctic_b0526,C:\Users\puehrifi\OneDrive - Eawag\voicegrad\data\wav\bdl\wav\arctic_b0526.wav,C:\Users\puehrifi\OneDrive - Eawag\voicegrad\data\wav\clb\wav\arctic_b0526.wav,bdl_to_clb,generated_wavs/bdl_to_clb/arctic_b0526.wav
bdl,clb,arctic_b0527,C:\Users\puehrifi\OneDrive - Eawag\voicegrad\data\wav\bdl\wav\arctic_b0527.wav,C:\Users\puehrifi\OneDrive - Eawag\voicegrad\data\wav\clb\wav\arctic_b0527.wav,bdl_to_clb,generated_wavs/bdl_to_clb/arctic_b0527.wav
bdl,clb,arctic_b0528,C:\Users\puehrifi\OneDrive - Eawag\voicegrad\data\wav\bdl\wav\arctic_b0528.wav,C:\Users\puehrifi\OneDrive - Eawag\voicegrad\data\wav\clb\wav\arctic_b0528.wav,bdl_to_clb,generated_wavs/bdl_to_clb/arctic_b0528.wav
bdl,clb,arctic_b0529,C:\Users\puehrifi\OneDrive - Eawag\voicegrad\data\wav\bdl\wav\arctic_b0529.wav,C:\Users\puehrifi\OneDrive - Eawag\voicegrad\data\wav\clb\wav\arctic_b0529.wav,bdl_to_clb,generated_wavs/bdl_to_clb/arctic_b0529.wav
bdl,clb,arctic_b0530,C:\Users\puehrifi\OneDrive - Eawag\voicegrad\data\wav\bdl\wav\arctic_b0530.wav,C:\Users\puehrifi\OneDrive - Eawag\voicegrad\data\wav\clb\wav\arctic_b0530.wav,bdl_to_clb,generated_wavs/bdl_to_clb/arctic_b0530.wav
bdl,clb,arctic_b0531,C:\Users\puehrifi\OneDrive - Eawag\voicegrad\data\wav\bdl\wav\arctic_b0531.wav,C:\Users\puehrifi\OneDrive - Eawag\voicegrad\data\wav\clb\wav\arctic_b0531.wav,bdl_to_clb,generated_wavs/bdl_to_clb/arctic_b0531.wav
bdl,clb,arctic_b0532,C:\Users\puehrifi\OneDrive - Eawag\voicegrad\data\wav\bdl\wav\arctic_b0532.wav,C:\Users\puehrifi\OneDrive - Eawag\voicegrad\data\wav\clb\wav\arctic_b0532.wav,bdl_to_clb,generated_wavs/bdl_to_clb/arctic_b0532.wav
bdl,clb,arctic_b0533,C:\Users\puehrifi\OneDrive - Eawag\voicegrad\data\wav\bdl\wav\arctic_b0533.wav,C:\Users\puehrifi\OneDrive - Eawag\voicegrad\data\wav\clb\wav\arctic_b0533.wav,bdl_to_clb,generated_wavs/bdl_to_clb/arctic_b0533.wav
bdl,clb,arctic_b0534,C:\Users\puehrifi\OneDrive - Eawag\voicegrad\data\wav\bdl\wav\arctic_b0534.wav,C:\Users\puehrifi\OneDrive - Eawag\voicegrad\data\wav\clb\wav\arctic_b0534.wav,bdl_to_clb,generated_wavs/bdl_to_clb/arctic_b0534.wav
bdl,clb,arctic_b0535,C:\Users\puehrifi\OneDrive - Eawag\voicegrad\data\wav\bdl\wav\arctic_b0535.wav,C:\Users\puehrifi\OneDrive - Eawag\voicegrad\data\wav\clb\wav\arctic_b0535.wav,bdl_to_clb,generated_wavs/bdl_to_clb/arctic_b0535.wav
bdl,clb,arctic_b0536,C:\Users\puehrifi\OneDrive - Eawag\voicegrad\data\wav\bdl\wav\arctic_b0536.wav,C:\Users\puehrifi\OneDrive - Eawag\voicegrad\data\wav\clb\wav\arctic_b0536.wav,bdl_to_clb,generated_wavs/bdl_to_clb/arctic_b0536.wav
bdl,clb,arctic_b0537,C:\Users\puehrifi\OneDrive - Eawag\voicegrad\data\wav\bdl\wav\arctic_b0537.wav,C:\Users\puehrifi\OneDrive - Eawag\voicegrad\data\wav\clb\wav\arctic_b0537.wav,bdl_to_clb,generated_wavs/bdl_to_clb/arctic_b0537.wav
bdl,clb,arctic_b0538,C:\Users\puehrifi\OneDrive - Eawag\voicegrad\data\wav\bdl\wav\arctic_b0538.wav,C:\Users\puehrifi\OneDrive - Eawag\voicegrad\data\wav\clb\wav\arctic_b0538.wav,bdl_to_clb,generated_wavs/bdl_to_clb/arctic_b0538.wav
bdl,clb,arctic_b0539,C:\Users\puehrifi\OneDrive - Eawag\voicegrad\data\wav\bdl\wav\arctic_b0539.wav,C:\Users\puehrifi\OneDrive - Eawag\voicegrad\data\wav\clb\wav\arctic_b0539.wav,bdl_to_clb,generated_wavs/bdl_to_clb/arctic_b0539.wav
bdl,rms,arctic_b0508,C:\Users\puehrifi\OneDrive - Eawag\voicegrad\data\wav\bdl\wav\arctic_b0508.wav,C:\Users\puehrifi\OneDrive - Eawag\voicegrad\data\wav\rms\wav\arctic_b0508.wav,bdl_to_rms,generated_wavs/bdl_to_rms/arctic_b0508.wav
bdl,rms,arctic_b0509,C:\Users\puehrifi\OneDrive - Eawag\voicegrad\data\wav\bdl\wav\arctic_b0509.wav,C:\Users\puehrifi\OneDrive - Eawag\voicegrad\data\wav\rms\wav\arctic_b0509.wav,bdl_to_rms,generated_wavs/bdl_to_rms/arctic_b0509.wav
bdl,rms,arctic_b0510,C:\Users\puehrifi\OneDrive - Eawag\voicegrad\data\wav\bdl\wav\arctic_b0510.wav,C:\Users\puehrifi\OneDrive - Eawag\voicegrad\data\wav\rms\wav\arctic_b0510.wav,bdl_to_rms,generated_wavs/bdl_to_rms/arctic_b0510.wav
bdl,rms,arctic_b0511,C:\Users\puehrifi\OneDrive - Eawag\voicegrad\data\wav\bdl\wav\arctic_b0511.wav,C:\Users\puehrifi\OneDrive - Eawag\voicegrad\data\wav\rms\wav\arctic_b0511.wav,bdl_to_rms,generated_wavs/bdl_to_rms/arctic_b0511.wav
bdl,rms,arctic_b0512,C:\Users\puehrifi\OneDrive - Eawag\voicegrad\data\wav\bdl\wav\arctic_b0512.wav,C:\Users\puehrifi\OneDrive - Eawag\voicegrad\data\wav\rms\wav\arctic_b0512.wav,bdl_to_rms,generated_wavs/bdl_to_rms/arctic_b0512.wav
bdl,rms,arctic_b0513,C:\Users\puehrifi\OneDrive - Eawag\voicegrad\data\wav\bdl\wav\arctic_b0513.wav,C:\Users\puehrifi\OneDrive - Eawag\voicegrad\data\wav\rms\wav\arctic_b0513.wav,bdl_to_rms,generated_wavs/bdl_to_rms/arctic_b0513.wav
bdl,rms,arctic_b0514,C:\Users\puehrifi\OneDrive - Eawag\voicegrad\data\wav\bdl\wav\arctic_b0514.wav,C:\Users\puehrifi\OneDrive - Eawag\voicegrad\data\wav\rms\wav\arctic_b0514.wav,bdl_to_rms,generated_wavs/bdl_to_rms/arctic_b0514.wav
bdl,rms,arctic_b0515,C:\Users\puehrifi\OneDrive - Eawag\voicegrad\data\wav\bdl\wav\arctic_b0515.wav,C:\Users\puehrifi\OneDrive - Eawag\voicegrad\data\wav\rms\wav\arctic_b0515.wav,bdl_to_rms,generated_wavs/bdl_to_rms/arctic_b0515.wav
bdl,rms,arctic_b0516,C:\Users\puehrifi\OneDrive - Eawag\voicegrad\data\wav\bdl\wav\arctic_b0516.wav,C:\Users\puehrifi\OneDrive - Eawag\voicegrad\data\wav\rms\wav\arctic_b0516.wav,bdl_to_rms,generated_wavs/bdl_to_rms/arctic_b0516.wav
bdl,rms,arctic_b0517,C:\Users\puehrifi\OneDrive - Eawag\voicegrad\data\wav\bdl\wav\arctic_b0517.wav,C:\Users\puehrifi\OneDrive - Eawag\voicegrad\data\wav\rms\wav\arctic_b0517.wav,bdl_to_rms,generated_wavs/bdl_to_rms/arctic_b0517.wav
bdl,rms,arctic_b0518,C:\Users\puehrifi\OneDrive - Eawag\voicegrad\data\wav\bdl\wav\arctic_b0518.wav,C:\Users\puehrifi\OneDrive - Eawag\voicegrad\data\wav\rms\wav\arctic_b0518.wav,bdl_to_rms,generated_wavs/bdl_to_rms/arctic_b0518.wav
bdl,rms,arctic_b0519,C:\Users\puehrifi\OneDrive - Eawag\voicegrad\data\wav\bdl\wav\arctic_b0519.wav,C:\Users\puehrifi\OneDrive - Eawag\voicegrad\data\wav\rms\wav\arctic_b0519.wav,bdl_to_rms,generated_wavs/bdl_to_rms/arctic_b0519.wav
bdl,rms,arctic_b0520,C:\Users\puehrifi\OneDrive - Eawag\voicegrad\data\wav\bdl\wav\arctic_b0520.wav,C:\Users\puehrifi\OneDrive - Eawag\voicegrad\data\wav\rms\wav\arctic_b0520.wav,bdl_to_rms,generated_wavs/bdl_to_rms/arctic_b0520.wav
bdl,rms,arctic_b0521,C:\Users\puehrifi\OneDrive - Eawag\voicegrad\data\wav\bdl\wav\arctic_b0521.wav,C:\Users\puehrifi\OneDrive - Eawag\voicegrad\data\wav\rms\wav\arctic_b0521.wav,bdl_to_rms,generated_wavs/bdl_to_rms/arctic_b0521.wav
bdl,rms,arctic_b0522,C:\Users\puehrifi\OneDrive - Eawag\voicegrad\data\wav\bdl\wav\arctic_b0522.wav,C:\Users\puehrifi\OneDrive - Eawag\voicegrad\data\wav\rms\wav\arctic_b0522.wav,bdl_to_rms,generated_wavs/bdl_to_rms/arctic_b0522.wav
bdl,rms,arctic_b0523,C:\Users\puehrifi\OneDrive - Eawag\voicegrad\data\wav\bdl\wav\arctic_b0523.wav,C:\Users\puehrifi\OneDrive - Eawag\voicegrad\data\wav\rms\wav\arctic_b0523.wav,bdl_to_rms,generated_wavs/bdl_to_rms/arctic_b0523.wav
bdl,rms,arctic_b0524,C:\Users\puehrifi\OneDrive - Eawag\voicegrad\data\wav\bdl\wav\arctic_b0524.wav,C:\Users\puehrifi\OneDrive - Eawag\voicegrad\data\wav\rms\wav\arctic_b0524.wav,bdl_to_rms,generated_wavs/bdl_to_rms/arctic_b0524.wav
bdl,rms,arctic_b0525,C:\Users\puehrifi\OneDrive - Eawag\voicegrad\data\wav\bdl\wav\arctic_b0525.wav,C:\Users\puehrifi\OneDrive - Eawag\voicegrad\data\wav\rms\wav\arctic_b0525.wav,bdl_to_rms,generated_wavs/bdl_to_rms/arctic_b0525.wav
bdl,rms,arctic_b0526,C:\Users\puehrifi\OneDrive - Eawag\voicegrad\data\wav\bdl\wav\arctic_b0526.wav,C:\Users\puehrifi\OneDrive - Eawag\voicegrad\data\wav\rms\wav\arctic_b0526.wav,bdl_to_rms,generated_wavs/bdl_to_rms/arctic_b0526.wav
bdl,rms,arctic_b0527,C:\Users\puehrifi\OneDrive - Eawag\voicegrad\data\wav\bdl\wav\arctic_b0527.wav,C:\Users\puehrifi\OneDrive - Eawag\voicegrad\data\wav\rms\wav\arctic_b0527.wav,bdl_to_rms,generated_wavs/bdl_to_rms/arctic_b0527.wav
bdl,rms,arctic_b0528,C:\Users\puehrifi\OneDrive - Eawag\voicegrad\data\wav\bdl\wav\arctic_b0528.wav,C:\Users\puehrifi\OneDrive - Eawag\voicegrad\data\wav\rms\wav\arctic_b0528.wav,bdl_to_rms,generated_wavs/bdl_to_rms/arctic_b0528.wav
bdl,rms,arctic_b0529,C:\Users\puehrifi\OneDrive - Eawag\voicegrad\data\wav\bdl\wav\arctic_b0529.wav,C:\Users\puehrifi\OneDrive - Eawag\voicegrad\data\wav\rms\wav\arctic_b0529.wav,bdl_to_rms,generated_wavs/bdl_to_rms/arctic_b0529.wav
bdl,rms,arctic_b0530,C:\Users\puehrifi\OneDrive - Eawag\voicegrad\data\wav\bdl\wav\arctic_b0530.wav,C:\Users\puehrifi\OneDrive - Eawag\voicegrad\data\wav\rms\wav\arctic_b0530.wav,bdl_to_rms,generated_wavs/bdl_to_rms/arctic_b0530.wav
bdl,rms,arctic_b0531,C:\Users\puehrifi\OneDrive - Eawag\voicegrad\data\wav\bdl\wav\arctic_b0531.wav,C:\Users\puehrifi\OneDrive - Eawag\voicegrad\data\wav\rms\wav\arctic_b0531.wav,bdl_to_rms,generated_wavs/bdl_to_rms/arctic_b0531.wav
bdl,rms,arctic_b0532,C:\Users\puehrifi\OneDrive - Eawag\voicegrad\data\wav\bdl\wav\arctic_b0532.wav,C:\Users\puehrifi\OneDrive - Eawag\voicegrad\data\wav\rms\wav\arctic_b0532.wav,bdl_to_rms,generated_wavs/bdl_to_rms/arctic_b0532.wav
bdl,rms,arctic_b0533,C:\Users\puehrifi\OneDrive - Eawag\voicegrad\data\wav\bdl\wav\arctic_b0533.wav,C:\Users\puehrifi\OneDrive - Eawag\voicegrad\data\wav\rms\wav\arctic_b0533.wav,bdl_to_rms,generated_wavs/bdl_to_rms/arctic_b0533.wav
bdl,rms,arctic_b0534,C:\Users\puehrifi\OneDrive - Eawag\voicegrad\data\wav\bdl\wav\arctic_b0534.wav,C:\Users\puehrifi\OneDrive - Eawag\voicegrad\data\wav\rms\wav\arctic_b0534.wav,bdl_to_rms,generated_wavs/bdl_to_rms/arctic_b0534.wav
bdl,rms,arctic_b0535,C:\Users\puehrifi\OneDrive - Eawag\voicegrad\data\wav\bdl\wav\arctic_b0535.wav,C:\Users\puehrifi\OneDrive - Eawag\voicegrad\data\wav\rms\wav\arctic_b0535.wav,bdl_to_rms,generated_wavs/bdl_to_rms/arctic_b0535.wav
bdl,rms,arctic_b0536,C:\Users\puehrifi\OneDrive - Eawag\voicegrad\data\wav\bdl\wav\arctic_b0536.wav,C:\Users\puehrifi\OneDrive - Eawag\voicegrad\data\wav\rms\wav\arctic_b0536.wav,bdl_to_rms,generated_wavs/bdl_to_rms/arctic_b0536.wav
bdl,rms,arctic_b0537,C:\Users\puehrifi\OneDrive - Eawag\voicegrad\data\wav\bdl\wav\arctic_b0537.wav,C:\Users\puehrifi\OneDrive - Eawag\voicegrad\data\wav\rms\wav\arctic_b0537.wav,bdl_to_rms,generated_wavs/bdl_to_rms/arctic_b0537.wav
bdl,rms,arctic_b0538,C:\Users\puehrifi\OneDrive - Eawag\voicegrad\data\wav\bdl\wav\arctic_b0538.wav,C:\Users\puehrifi\OneDrive - Eawag\voicegrad\data\wav\rms\wav\arctic_b0538.wav,bdl_to_rms,generated_wavs/bdl_to_rms/arctic_b0538.wav
bdl,rms,arctic_b0539,C:\Users\puehrifi\OneDrive - Eawag\voicegrad\data\wav\bdl\wav\arctic_b0539.wav,C:\Users\puehrifi\OneDrive - Eawag\voicegrad\data\wav\rms\wav\arctic_b0539.wav,bdl_to_rms,generated_wavs/bdl_to_rms/arctic_b0539.wav
bdl,slt,arctic_b0508,C:\Users\puehrifi\OneDrive - Eawag\voicegrad\data\wav\bdl\wav\arctic_b0508.wav,C:\Users\puehrifi\OneDrive - Eawag\voicegrad\data\wav\slt\wav\arctic_b0508.wav,bdl_to_slt,generated_wavs/bdl_to_slt/arctic_b0508.wav
bdl,slt,arctic_b0509,C:\Users\puehrifi\OneDrive - Eawag\voicegrad\data\wav\bdl\wav\arctic_b0509.wav,C:\Users\puehrifi\OneDrive - Eawag\voicegrad\data\wav\slt\wav\arctic_b0509.wav,bdl_to_slt,generated_wavs/bdl_to_slt/arctic_b0509.wav
bdl,slt,arctic_b0510,C:\Users\puehrifi\OneDrive - Eawag\voicegrad\data\wav\bdl\wav\arctic_b0510.wav,C:\Users\puehrifi\OneDrive - Eawag\voicegrad\data\wav\slt\wav\arctic_b0510.wav,bdl_to_slt,generated_wavs/bdl_to_slt/arctic_b0510.wav
bdl,slt,arctic_b0511,C:\Users\puehrifi\OneDrive - Eawag\voicegrad\data\wav\bdl\wav\arctic_b0511.wav,C:\Users\puehrifi\OneDrive - Eawag\voicegrad\data\wav\slt\wav\arctic_b0511.wav,bdl_to_slt,generated_wavs/bdl_to_slt/arctic_b0511.wav
bdl,slt,arctic_b0512,C:\Users\puehrifi\OneDrive - Eawag\voicegrad\data\wav\bdl\wav\arctic_b0512.wav,C:\Users\puehrifi\OneDrive - Eawag\voicegrad\data\wav\slt\wav\arctic_b0512.wav,bdl_to_slt,generated_wavs/bdl_to_slt/arctic_b0512.wav
bdl,slt,arctic_b0513,C:\Users\puehrifi\OneDrive - Eawag\voicegrad\data\wav\bdl\wav\arctic_b0513.wav,C:\Users\puehrifi\OneDrive - Eawag\voicegrad\data\wav\slt\wav\arctic_b0513.wav,bdl_to_slt,generated_wavs/bdl_to_slt/arctic_b0513.wav
bdl,slt,arctic_b0514,C:\Users\puehrifi\OneDrive - Eawag\voicegrad\data\wav\bdl\wav\arctic_b0514.wav,C:\Users\puehrifi\OneDrive - Eawag\voicegrad\data\wav\slt\wav\arctic_b0514.wav,bdl_to_slt,generated_wavs/bdl_to_slt/arctic_b0514.wav
bdl,slt,arctic_b0515,C:\Users\puehrifi\OneDrive - Eawag\voicegrad\data\wav\bdl\wav\arctic_b0515.wav,C:\Users\puehrifi\OneDrive - Eawag\voicegrad\data\wav\slt\wav\arctic_b0515.wav,bdl_to_slt,generated_wavs/bdl_to_slt/arctic_b0515.wav
bdl,slt,arctic_b0516,C:\Users\puehrifi\OneDrive - Eawag\voicegrad\data\wav\bdl\wav\arctic_b0516.wav,C:\Users\puehrifi\OneDrive - Eawag\voicegrad\data\wav\slt\wav\arctic_b0516.wav,bdl_to_slt,generated_wavs/bdl_to_slt/arctic_b0516.wav
bdl,slt,arctic_b0517,C:\Users\puehrifi\OneDrive - Eawag\voicegrad\data\wav\bdl\wav\arctic_b0517.wav,C:\Users\puehrifi\OneDrive - Eawag\voicegrad\data\wav\slt\wav\arctic_b0517.wav,bdl_to_slt,generated_wavs/bdl_to_slt/arctic_b0517.wav
bdl,slt,arctic_b0518,C:\Users\puehrifi\OneDrive - Eawag\voicegrad\data\wav\bdl\wav\arctic_b0518.wav,C:\Users\puehrifi\OneDrive - Eawag\voicegrad\data\wav\slt\wav\arctic_b0518.wav,bdl_to_slt,generated_wavs/bdl_to_slt/arctic_b0518.wav
bdl,slt,arctic_b0519,C:\Users\puehrifi\OneDrive - Eawag\voicegrad\data\wav\bdl\wav\arctic_b0519.wav,C:\Users\puehrifi\OneDrive - Eawag\voicegrad\data\wav\slt\wav\arctic_b0519.wav,bdl_to_slt,generated_wavs/bdl_to_slt/arctic_b0519.wav
bdl,slt,arctic_b0520,C:\Users\puehrifi\OneDrive - Eawag\voicegrad\data\wav\bdl\wav\arctic_b0520.wav,C:\Users\puehrifi\OneDrive - Eawag\voicegrad\data\wav\slt\wav\arctic_b0520.wav,bdl_to_slt,generated_wavs/bdl_to_slt/arctic_b0520.wav
bdl,slt,arctic_b0521,C:\Users\puehrifi\OneDrive - Eawag\voicegrad\data\wav\bdl\wav\arctic_b0521.wav,C:\Users\puehrifi\OneDrive - Eawag\voicegrad\data\wav\slt\wav\arctic_b0521.wav,bdl_to_slt,generated_wavs/bdl_to_slt/arctic_b0521.wav
bdl,slt,arctic_b0522,C:\Users\puehrifi\OneDrive - Eawag\voicegrad\data\wav\bdl\wav\arctic_b0522.wav,C:\Users\puehrifi\OneDrive - Eawag\voicegrad\data\wav\slt\wav\arctic_b0522.wav,bdl_to_slt,generated_wavs/bdl_to_slt/arctic_b0522.wav
bdl,slt,arctic_b0523,C:\Users\puehrifi\OneDrive - Eawag\voicegrad\data\wav\bdl\wav\arctic_b0523.wav,C:\Users\puehrifi\OneDrive - Eawag\voicegrad\data\wav\slt\wav\arctic_b0523.wav,bdl_to_slt,generated_wavs/bdl_to_slt/arctic_b0523.wav
bdl,slt,arctic_b0524,C:\Users\puehrifi\OneDrive - Eawag\voicegrad\data\wav\bdl\wav\arctic_b0524.wav,C:\Users\puehrifi\OneDrive - Eawag\voicegrad\data\wav\slt\wav\arctic_b0524.wav,bdl_to_slt,generated_wavs/bdl_to_slt/arctic_b0524.wav
bdl,slt,arctic_b0525,C:\Users\puehrifi\OneDrive - Eawag\voicegrad\data\wav\bdl\wav\arctic_b0525.wav,C:\Users\puehrifi\OneDrive - Eawag\voicegrad\data\wav\slt\wav\arctic_b0525.wav,bdl_to_slt,generated_wavs/bdl_to_slt/arctic_b0525.wav
bdl,slt,arctic_b0526,C:\Users\puehrifi\OneDrive - Eawag\voicegrad\data\wav\bdl\wav\arctic_b0526.wav,C:\Users\puehrifi\OneDrive - Eawag\voicegrad\data\wav\slt\wav\arctic_b0526.wav,bdl_to_slt,generated_wavs/bdl_to_slt/arctic_b0526.wav
bdl,slt,arctic_b0527,C:\Users\puehrifi\OneDrive - Eawag\voicegrad\data\wav\bdl\wav\arctic_b0527.wav,C:\Users\puehrifi\OneDrive - Eawag\voicegrad\data\wav\slt\wav\arctic_b0527.wav,bdl_to_slt,generated_wavs/bdl_to_slt/arctic_b0527.wav
bdl,slt,arctic_b0528,C:\Users\puehrifi\OneDrive - Eawag\voicegrad\data\wav\bdl\wav\arctic_b0528.wav,C:\Users\puehrifi\OneDrive - Eawag\voicegrad\data\wav\slt\wav\arctic_b0528.wav,bdl_to_slt,generated_wavs/bdl_to_slt/arctic_b0528.wav
bdl,slt,arctic_b0529,C:\Users\puehrifi\OneDrive - Eawag\voicegrad\data\wav\bdl\wav\arctic_b0529.wav,C:\Users\puehrifi\OneDrive - Eawag\voicegrad\data\wav\slt\wav\arctic_b0529.wav,bdl_to_slt,generated_wavs/bdl_to_slt/arctic_b0529.wav
bdl,slt,arctic_b0530,C:\Users\puehrifi\OneDrive - Eawag\voicegrad\data\wav\bdl\wav\arctic_b0530.wav,C:\Users\puehrifi\OneDrive - Eawag\voicegrad\data\wav\slt\wav\arctic_b0530.wav,bdl_to_slt,generated_wavs/bdl_to_slt/arctic_b0530.wav
bdl,slt,arctic_b0531,C:\Users\puehrifi\OneDrive - Eawag\voicegrad\data\wav\bdl\wav\arctic_b0531.wav,C:\Users\puehrifi\OneDrive - Eawag\voicegrad\data\wav\slt\wav\arctic_b0531.wav,bdl_to_slt,generated_wavs/bdl_to_slt/arctic_b0531.wav
bdl,slt,arctic_b0532,C:\Users\puehrifi\OneDrive - Eawag\voicegrad\data\wav\bdl\wav\arctic_b0532.wav,C:\Users\puehrifi\OneDrive - Eawag\voicegrad\data\wav\slt\wav\arctic_b0532.wav,bdl_to_slt,generated_wavs/bdl_to_slt/arctic_b0532.wav
bdl,slt,arctic_b0533,C:\Users\puehrifi\OneDrive - Eawag\voicegrad\data\wav\bdl\wav\arctic_b0533.wav,C:\Users\puehrifi\OneDrive - Eawag\voicegrad\data\wav\slt\wav\arctic_b0533.wav,bdl_to_slt,generated_wavs/bdl_to_slt/arctic_b0533.wav
bdl,slt,arctic_b0534,C:\Users\puehrifi\OneDrive - Eawag\voicegrad\data\wav\bdl\wav\arctic_b0534.wav,C:\Users\puehrifi\OneDrive - Eawag\voicegrad\data\wav\slt\wav\arctic_b0534.wav,bdl_to_slt,generated_wavs/bdl_to_slt/arctic_b0534.wav
bdl,slt,arctic_b0535,C:\Users\puehrifi\OneDrive - Eawag\voicegrad\data\wav\bdl\wav\arctic_b0535.wav,C:\Users\puehrifi\OneDrive - Eawag\voicegrad\data\wav\slt\wav\arctic_b0535.wav,bdl_to_slt,generated_wavs/bdl_to_slt/arctic_b0535.wav
bdl,slt,arctic_b0536,C:\Users\puehrifi\OneDrive - Eawag\voicegrad\data\wav\bdl\wav\arctic_b0536.wav,C:\Users\puehrifi\OneDrive - Eawag\voicegrad\data\wav\slt\wav\arctic_b0536.wav,bdl_to_slt,generated_wavs/bdl_to_slt/arctic_b0536.wav
bdl,slt,arctic_b0537,C:\Users\puehrifi\OneDrive - Eawag\voicegrad\data\wav\bdl\wav\arctic_b0537.wav,C:\Users\puehrifi\OneDrive - Eawag\voicegrad\data\wav\slt\wav\arctic_b0537.wav,bdl_to_slt,generated_wavs/bdl_to_slt/arctic_b0537.wav
bdl,slt,arctic_b0538,C:\Users\puehrifi\OneDrive - Eawag\voicegrad\data\wav\bdl\wav\arctic_b0538.wav,C:\Users\puehrifi\OneDrive - Eawag\voicegrad\data\wav\slt\wav\arctic_b0538.wav,bdl_to_slt,generated_wavs/bdl_to_slt/arctic_b0538.wav
bdl,slt,arctic_b0539,C:\Users\puehrifi\OneDrive - Eawag\voicegrad\data\wav\bdl\wav\arctic_b0539.wav,C:\Users\puehrifi\OneDrive - Eawag\voicegrad\data\wav\slt\wav\arctic_b0539.wav,bdl_to_slt,generated_wavs/bdl_to_slt/arctic_b0539.wav
clb,bdl,arctic_b0508,C:\Users\puehrifi\OneDrive - Eawag\voicegrad\data\wav\clb\wav\arctic_b0508.wav,C:\Users\puehrifi\OneDrive - Eawag\voicegrad\data\wav\bdl\wav\arctic_b0508.wav,clb_to_bdl,generated_wavs/clb_to_bdl/arctic_b0508.wav
clb,bdl,arctic_b0509,C:\Users\puehrifi\OneDrive - Eawag\voicegrad\data\wav\clb\wav\arctic_b0509.wav,C:\Users\puehrifi\OneDrive - Eawag\voicegrad\data\wav\bdl\wav\arctic_b0509.wav,clb_to_bdl,generated_wavs/clb_to_bdl/arctic_b0509.wav
clb,bdl,arctic_b0510,C:\Users\puehrifi\OneDrive - Eawag\voicegrad\data\wav\clb\wav\arctic_b0510.wav,C:\Users\puehrifi\OneDrive - Eawag\voicegrad\data\wav\bdl\wav\arctic_b0510.wav,clb_to_bdl,generated_wavs/clb_to_bdl/arctic_b0510.wav
clb,bdl,arctic_b0511,C:\Users\puehrifi\OneDrive - Eawag\voicegrad\data\wav\clb\wav\arctic_b0511.wav,C:\Users\puehrifi\OneDrive - Eawag\voicegrad\data\wav\bdl\wav\arctic_b0511.wav,clb_to_bdl,generated_wavs/clb_to_bdl/arctic_b0511.wav
clb,bdl,arctic_b0512,C:\Users\puehrifi\OneDrive - Eawag\voicegrad\data\wav\clb\wav\arctic_b0512.wav,C:\Users\puehrifi\OneDrive - Eawag\voicegrad\data\wav\bdl\wav\arctic_b0512.wav,clb_to_bdl,generated_wavs/clb_to_bdl/arctic_b0512.wav
clb,bdl,arctic_b0513,C:\Users\puehrifi\OneDrive - Eawag\voicegrad\data\wav\clb\wav\arctic_b0513.wav,C:\Users\puehrifi\OneDrive - Eawag\voicegrad\data\wav\bdl\wav\arctic_b0513.wav,clb_to_bdl,generated_wavs/clb_to_bdl/arctic_b0513.wav
clb,bdl,arctic_b0514,C:\Users\puehrifi\OneDrive - Eawag\voicegrad\data\wav\clb\wav\arctic_b0514.wav,C:\Users\puehrifi\OneDrive - Eawag\voicegrad\data\wav\bdl\wav\arctic_b0514.wav,clb_to_bdl,generated_wavs/clb_to_bdl/arctic_b0514.wav
clb,bdl,arctic_b0515,C:\Users\puehrifi\OneDrive - Eawag\voicegrad\data\wav\clb\wav\arctic_b0515.wav,C:\Users\puehrifi\OneDrive - Eawag\voicegrad\data\wav\bdl\wav\arctic_b0515.wav,clb_to_bdl,generated_wavs/clb_to_bdl/arctic_b0515.wav
clb,bdl,arctic_b0516,C:\Users\puehrifi\OneDrive - Eawag\voicegrad\data\wav\clb\wav\arctic_b0516.wav,C:\Users\puehrifi\OneDrive - Eawag\voicegrad\data\wav\bdl\wav\arctic_b0516.wav,clb_to_bdl,generated_wavs/clb_to_bdl/arctic_b0516.wav
clb,bdl,arctic_b0517,C:\Users\puehrifi\OneDrive - Eawag\voicegrad\data\wav\clb\wav\arctic_b0517.wav,C:\Users\puehrifi\OneDrive - Eawag\voicegrad\data\wav\bdl\wav\arctic_b0517.wav,clb_to_bdl,generated_wavs/clb_to_bdl/arctic_b0517.wav
clb,bdl,arctic_b0518,C:\Users\puehrifi\OneDrive - Eawag\voicegrad\data\wav\clb\wav\arctic_b0518.wav,C:\Users\puehrifi\OneDrive - Eawag\voicegrad\data\wav\bdl\wav\arctic_b0518.wav,clb_to_bdl,generated_wavs/clb_to_bdl/arctic_b0518.wav
clb,bdl,arctic_b0519,C:\Users\puehrifi\OneDrive - Eawag\voicegrad\data\wav\clb\wav\arctic_b0519.wav,C:\Users\puehrifi\OneDrive - Eawag\voicegrad\data\wav\bdl\wav\arctic_b0519.wav,clb_to_bdl,generated_wavs/clb_to_bdl/arctic_b0519.wav
clb,bdl,arctic_b0520,C:\Users\puehrifi\OneDrive - Eawag\voicegrad\data\wav\clb\wav\arctic_b0520.wav,C:\Users\puehrifi\OneDrive - Eawag\voicegrad\data\wav\bdl\wav\arctic_b0520.wav,clb_to_bdl,generated_wavs/clb_to_bdl/arctic_b0520.wav
clb,bdl,arctic_b0521,C:\Users\puehrifi\OneDrive - Eawag\voicegrad\data\wav\clb\wav\arctic_b0521.wav,C:\Users\puehrifi\OneDrive - Eawag\voicegrad\data\wav\bdl\wav\arctic_b0521.wav,clb_to_bdl,generated_wavs/clb_to_bdl/arctic_b0521.wav
clb,bdl,arctic_b0522,C:\Users\puehrifi\OneDrive - Eawag\voicegrad\data\wav\clb\wav\arctic_b0522.wav,C:\Users\puehrifi\OneDrive - Eawag\voicegrad\data\wav\bdl\wav\arctic_b0522.wav,clb_to_bdl,generated_wavs/clb_to_bdl/arctic_b0522.wav
clb,bdl,arctic_b0523,C:\Users\puehrifi\OneDrive - Eawag\voicegrad\data\wav\clb\wav\arctic_b0523.wav,C:\Users\puehrifi\OneDrive - Eawag\voicegrad\data\wav\bdl\wav\arctic_b0523.wav,clb_to_bdl,generated_wavs/clb_to_bdl/arctic_b0523.wav
clb,bdl,arctic_b0524,C:\Users\puehrifi\OneDrive - Eawag\voicegrad\data\wav\clb\wav\arctic_b0524.wav,C:\Users\puehrifi\OneDrive - Eawag\voicegrad\data\wav\bdl\wav\arctic_b0524.wav,clb_to_bdl,generated_wavs/clb_to_bdl/arctic_b0524.wav
clb,bdl,arctic_b0525,C:\Users\puehrifi\OneDrive - Eawag\voicegrad\data\wav\clb\wav\arctic_b0525.wav,C:\Users\puehrifi\OneDrive - Eawag\voicegrad\data\wav\bdl\wav\arctic_b0525.wav,clb_to_bdl,generated_wavs/clb_to_bdl/arctic_b0525.wav
clb,bdl,arctic_b0526,C:\Users\puehrifi\OneDrive - Eawag\voicegrad\data\wav\clb\wav\arctic_b0526.wav,C:\Users\puehrifi\OneDrive - Eawag\voicegrad\data\wav\bdl\wav\arctic_b0526.wav,clb_to_bdl,generated_wavs/clb_to_bdl/arctic_b0526.wav
clb,bdl,arctic_b0527,C:\Users\puehrifi\OneDrive - Eawag\voicegrad\data\wav\clb\wav\arctic_b0527.wav,C:\Users\puehrifi\OneDrive - Eawag\voicegrad\data\wav\bdl\wav\arctic_b0527.wav,clb_to_bdl,generated_wavs/clb_to_bdl/arctic_b0527.wav
clb,bdl,arctic_b0528,C:\Users\puehrifi\OneDrive - Eawag\voicegrad\data\wav\clb\wav\arctic_b0528.wav,C:\Users\puehrifi\OneDrive - Eawag\voicegrad\data\wav\bdl\wav\arctic_b0528.wav,clb_to_bdl,generated_wavs/clb_to_bdl/arctic_b0528.wav
clb,bdl,arctic_b0529,C:\Users\puehrifi\OneDrive - Eawag\voicegrad\data\wav\clb\wav\arctic_b0529.wav,C:\Users\puehrifi\OneDrive - Eawag\voicegrad\data\wav\bdl\wav\arctic_b0529.wav,clb_to_bdl,generated_wavs/clb_to_bdl/arctic_b0529.wav
clb,bdl,arctic_b0530,C:\Users\puehrifi\OneDrive - Eawag\voicegrad\data\wav\clb\wav\arctic_b0530.wav,C:\Users\puehrifi\OneDrive - Eawag\voicegrad\data\wav\bdl\wav\arctic_b0530.wav,clb_to_bdl,generated_wavs/clb_to_bdl/arctic_b0530.wav
clb,bdl,arctic_b0531,C:\Users\puehrifi\OneDrive - Eawag\voicegrad\data\wav\clb\wav\arctic_b0531.wav,C:\Users\puehrifi\OneDrive - Eawag\voicegrad\data\wav\bdl\wav\arctic_b0531.wav,clb_to_bdl,generated_wavs/clb_to_bdl/arctic_b0531.wav
clb,bdl,arctic_b0532,C:\Users\puehrifi\OneDrive - Eawag\voicegrad\data\wav\clb\wav\arctic_b0532.wav,C:\Users\puehrifi\OneDrive - Eawag\voicegrad\data\wav\bdl\wav\arctic_b0532.wav,clb_to_bdl,generated_wavs/clb_to_bdl/arctic_b0532.wav
clb,bdl,arctic_b0533,C:\Users\puehrifi\OneDrive - Eawag\voicegrad\data\wav\clb\wav\arctic_b0533.wav,C:\Users\puehrifi\OneDrive - Eawag\voicegrad\data\wav\bdl\wav\arctic_b0533.wav,clb_to_bdl,generated_wavs/clb_to_bdl/arctic_b0533.wav
clb,bdl,arctic_b0534,C:\Users\puehrifi\OneDrive - Eawag\voicegrad\data\wav\clb\wav\arctic_b0534.wav,C:\Users\puehrifi\OneDrive - Eawag\voicegrad\data\wav\bdl\wav\arctic_b0534.wav,clb_to_bdl,generated_wavs/clb_to_bdl/arctic_b0534.wav
clb,bdl,arctic_b0535,C:\Users\puehrifi\OneDrive - Eawag\voicegrad\data\wav\clb\wav\arctic_b0535.wav,C:\Users\puehrifi\OneDrive - Eawag\voicegrad\data\wav\bdl\wav\arctic_b0535.wav,clb_to_bdl,generated_wavs/clb_to_bdl/arctic_b0535.wav
clb,bdl,arctic_b0536,C:\Users\puehrifi\OneDrive - Eawag\voicegrad\data\wav\clb\wav\arctic_b0536.wav,C:\Users\puehrifi\OneDrive - Eawag\voicegrad\data\wav\bdl\wav\arctic_b0536.wav,clb_to_bdl,generated_wavs/clb_to_bdl/arctic_b0536.wav
clb,bdl,arctic_b0537,C:\Users\puehrifi\OneDrive - Eawag\voicegrad\data\wav\clb\wav\arctic_b0537.wav,C:\Users\puehrifi\OneDrive - Eawag\voicegrad\data\wav\bdl\wav\arctic_b0537.wav,clb_to_bdl,generated_wavs/clb_to_bdl/arctic_b0537.wav
clb,bdl,arctic_b0538,C:\Users\puehrifi\OneDrive - Eawag\voicegrad\data\wav\clb\wav\arctic_b0538.wav,C:\Users\puehrifi\OneDrive - Eawag\voicegrad\data\wav\bdl\wav\arctic_b0538.wav,clb_to_bdl,generated_wavs/clb_to_bdl/arctic_b0538.wav
clb,bdl,arctic_b0539,C:\Users\puehrifi\OneDrive - Eawag\voicegrad\data\wav\clb\wav\arctic_b0539.wav,C:\Users\puehrifi\OneDrive - Eawag\voicegrad\data\wav\bdl\wav\arctic_b0539.wav,clb_to_bdl,generated_wavs/clb_to_bdl/arctic_b0539.wav
clb,rms,arctic_b0508,C:\Users\puehrifi\OneDrive - Eawag\voicegrad\data\wav\clb\wav\arctic_b0508.wav,C:\Users\puehrifi\OneDrive - Eawag\voicegrad\data\wav\rms\wav\arctic_b0508.wav,clb_to_rms,generated_wavs/clb_to_rms/arctic_b0508.wav
clb,rms,arctic_b0509,C:\Users\puehrifi\OneDrive - Eawag\voicegrad\data\wav\clb\wav\arctic_b0509.wav,C:\Users\puehrifi\OneDrive - Eawag\voicegrad\data\wav\rms\wav\arctic_b0509.wav,clb_to_rms,generated_wavs/clb_to_rms/arctic_b0509.wav
clb,rms,arctic_b0510,C:\Users\puehrifi\OneDrive - Eawag\voicegrad\data\wav\clb\wav\arctic_b0510.wav,C:\Users\puehrifi\OneDrive - Eawag\voicegrad\data\wav\rms\wav\arctic_b0510.wav,clb_to_rms,generated_wavs/clb_to_rms/arctic_b0510.wav
clb,rms,arctic_b0511,C:\Users\puehrifi\OneDrive - Eawag\voicegrad\data\wav\clb\wav\arctic_b0511.wav,C:\Users\puehrifi\OneDrive - Eawag\voicegrad\data\wav\rms\wav\arctic_b0511.wav,clb_to_rms,generated_wavs/clb_to_rms/arctic_b0511.wav
clb,rms,arctic_b0512,C:\Users\puehrifi\OneDrive - Eawag\voicegrad\data\wav\clb\wav\arctic_b0512.wav,C:\Users\puehrifi\OneDrive - Eawag\voicegrad\data\wav\rms\wav\arctic_b0512.wav,clb_to_rms,generated_wavs/clb_to_rms/arctic_b0512.wav
clb,rms,arctic_b0513,C:\Users\puehrifi\OneDrive - Eawag\voicegrad\data\wav\clb\wav\arctic_b0513.wav,C:\Users\puehrifi\OneDrive - Eawag\voicegrad\data\wav\rms\wav\arctic_b0513.wav,clb_to_rms,generated_wavs/clb_to_rms/arctic_b0513.wav
clb,rms,arctic_b0514,C:\Users\puehrifi\OneDrive - Eawag\voicegrad\data\wav\clb\wav\arctic_b0514.wav,C:\Users\puehrifi\OneDrive - Eawag\voicegrad\data\wav\rms\wav\arctic_b0514.wav,clb_to_rms,generated_wavs/clb_to_rms/arctic_b0514.wav
clb,rms,arctic_b0515,C:\Users\puehrifi\OneDrive - Eawag\voicegrad\data\wav\clb\wav\arctic_b0515.wav,C:\Users\puehrifi\OneDrive - Eawag\voicegrad\data\wav\rms\wav\arctic_b0515.wav,clb_to_rms,generated_wavs/clb_to_rms/arctic_b0515.wav
clb,rms,arctic_b0516,C:\Users\puehrifi\OneDrive - Eawag\voicegrad\data\wav\clb\wav\arctic_b0516.wav,C:\Users\puehrifi\OneDrive - Eawag\voicegrad\data\wav\rms\wav\arctic_b0516.wav,clb_to_rms,generated_wavs/clb_to_rms/arctic_b0516.wav
clb,rms,arctic_b0517,C:\Users\puehrifi\OneDrive - Eawag\voicegrad\data\wav\clb\wav\arctic_b0517.wav,C:\Users\puehrifi\OneDrive - Eawag\voicegrad\data\wav\rms\wav\arctic_b0517.wav,clb_to_rms,generated_wavs/clb_to_rms/arctic_b0517.wav
clb,rms,arctic_b0518,C:\Users\puehrifi\OneDrive - Eawag\voicegrad\data\wav\clb\wav\arctic_b0518.wav,C:\Users\puehrifi\OneDrive - Eawag\voicegrad\data\wav\rms\wav\arctic_b0518.wav,clb_to_rms,generated_wavs/clb_to_rms/arctic_b0518.wav
clb,rms,arctic_b0519,C:\Users\puehrifi\OneDrive - Eawag\voicegrad\data\wav\clb\wav\arctic_b0519.wav,C:\Users\puehrifi\OneDrive - Eawag\voicegrad\data\wav\rms\wav\arctic_b0519.wav,clb_to_rms,generated_wavs/clb_to_rms/arctic_b0519.wav
clb,rms,arctic_b0520,C:\Users\puehrifi\OneDrive - Eawag\voicegrad\data\wav\clb\wav\arctic_b0520.wav,C:\Users\puehrifi\OneDrive - Eawag\voicegrad\data\wav\rms\wav\arctic_b0520.wav,clb_to_rms,generated_wavs/clb_to_rms/arctic_b0520.wav
clb,rms,arctic_b0521,C:\Users\puehrifi\OneDrive - Eawag\voicegrad\data\wav\clb\wav\arctic_b0521.wav,C:\Users\puehrifi\OneDrive - Eawag\voicegrad\data\wav\rms\wav\arctic_b0521.wav,clb_to_rms,generated_wavs/clb_to_rms/arctic_b0521.wav
clb,rms,arctic_b0522,C:\Users\puehrifi\OneDrive - Eawag\voicegrad\data\wav\clb\wav\arctic_b0522.wav,C:\Users\puehrifi\OneDrive - Eawag\voicegrad\data\wav\rms\wav\arctic_b0522.wav,clb_to_rms,generated_wavs/clb_to_rms/arctic_b0522.wav
clb,rms,arctic_b0523,C:\Users\puehrifi\OneDrive - Eawag\voicegrad\data\wav\clb\wav\arctic_b0523.wav,C:\Users\puehrifi\OneDrive - Eawag\voicegrad\data\wav\rms\wav\arctic_b0523.wav,clb_to_rms,generated_wavs/clb_to_rms/arctic_b0523.wav
clb,rms,arctic_b0524,C:\Users\puehrifi\OneDrive - Eawag\voicegrad\data\wav\clb\wav\arctic_b0524.wav,C:\Users\puehrifi\OneDrive - Eawag\voicegrad\data\wav\rms\wav\arctic_b0524.wav,clb_to_rms,generated_wavs/clb_to_rms/arctic_b0524.wav
clb,rms,arctic_b0525,C:\Users\puehrifi\OneDrive - Eawag\voicegrad\data\wav\clb\wav\arctic_b0525.wav,C:\Users\puehrifi\OneDrive - Eawag\voicegrad\data\wav\rms\wav\arctic_b0525.wav,clb_to_rms,generated_wavs/clb_to_rms/arctic_b0525.wav
clb,rms,arctic_b0526,C:\Users\puehrifi\OneDrive - Eawag\voicegrad\data\wav\clb\wav\arctic_b0526.wav,C:\Users\puehrifi\OneDrive - Eawag\voicegrad\data\wav\rms\wav\arctic_b0526.wav,clb_to_rms,generated_wavs/clb_to_rms/arctic_b0526.wav
clb,rms,arctic_b0527,C:\Users\puehrifi\OneDrive - Eawag\voicegrad\data\wav\clb\wav\arctic_b0527.wav,C:\Users\puehrifi\OneDrive - Eawag\voicegrad\data\wav\rms\wav\arctic_b0527.wav,clb_to_rms,generated_wavs/clb_to_rms/arctic_b0527.wav
clb,rms,arctic_b0528,C:\Users\puehrifi\OneDrive - Eawag\voicegrad\data\wav\clb\wav\arctic_b0528.wav,C:\Users\puehrifi\OneDrive - Eawag\voicegrad\data\wav\rms\wav\arctic_b0528.wav,clb_to_rms,generated_wavs/clb_to_rms/arctic_b0528.wav
clb,rms,arctic_b0529,C:\Users\puehrifi\OneDrive - Eawag\voicegrad\data\wav\clb\wav\arctic_b0529.wav,C:\Users\puehrifi\OneDrive - Eawag\voicegrad\data\wav\rms\wav\arctic_b0529.wav,clb_to_rms,generated_wavs/clb_to_rms/arctic_b0529.wav
clb,rms,arctic_b0530,C:\Users\puehrifi\OneDrive - Eawag\voicegrad\data\wav\clb\wav\arctic_b0530.wav,C:\Users\puehrifi\OneDrive - Eawag\voicegrad\data\wav\rms\wav\arctic_b0530.wav,clb_to_rms,generated_wavs/clb_to_rms/arctic_b0530.wav
clb,rms,arctic_b0531,C:\Users\puehrifi\OneDrive - Eawag\voicegrad\data\wav\clb\wav\arctic_b0531.wav,C:\Users\puehrifi\OneDrive - Eawag\voicegrad\data\wav\rms\wav\arctic_b0531.wav,clb_to_rms,generated_wavs/clb_to_rms/arctic_b0531.wav
clb,rms,arctic_b0532,C:\Users\puehrifi\OneDrive - Eawag\voicegrad\data\wav\clb\wav\arctic_b0532.wav,C:\Users\puehrifi\OneDrive - Eawag\voicegrad\data\wav\rms\wav\arctic_b0532.wav,clb_to_rms,generated_wavs/clb_to_rms/arctic_b0532.wav
clb,rms,arctic_b0533,C:\Users\puehrifi\OneDrive - Eawag\voicegrad\data\wav\clb\wav\arctic_b0533.wav,C:\Users\puehrifi\OneDrive - Eawag\voicegrad\data\wav\rms\wav\arctic_b0533.wav,clb_to_rms,generated_wavs/clb_to_rms/arctic_b0533.wav
clb,rms,arctic_b0534,C:\Users\puehrifi\OneDrive - Eawag\voicegrad\data\wav\clb\wav\arctic_b0534.wav,C:\Users\puehrifi\OneDrive - Eawag\voicegrad\data\wav\rms\wav\arctic_b0534.wav,clb_to_rms,generated_wavs/clb_to_rms/arctic_b0534.wav
clb,rms,arctic_b0535,C:\Users\puehrifi\OneDrive - Eawag\voicegrad\data\wav\clb\wav\arctic_b0535.wav,C:\Users\puehrifi\OneDrive - Eawag\voicegrad\data\wav\rms\wav\arctic_b0535.wav,clb_to_rms,generated_wavs/clb_to_rms/arctic_b0535.wav
clb,rms,arctic_b0536,C:\Users\puehrifi\OneDrive - Eawag\voicegrad\data\wav\clb\wav\arctic_b0536.wav,C:\Users\puehrifi\OneDrive - Eawag\voicegrad\data\wav\rms\wav\arctic_b0536.wav,clb_to_rms,generated_wavs/clb_to_rms/arctic_b0536.wav
clb,rms,arctic_b0537,C:\Users\puehrifi\OneDrive - Eawag\voicegrad\data\wav\clb\wav\arctic_b0537.wav,C:\Users\puehrifi\OneDrive - Eawag\voicegrad\data\wav\rms\wav\arctic_b0537.wav,clb_to_rms,generated_wavs/clb_to_rms/arctic_b0537.wav
clb,rms,arctic_b0538,C:\Users\puehrifi\OneDrive - Eawag\voicegrad\data\wav\clb\wav\arctic_b0538.wav,C:\Users\puehrifi\OneDrive - Eawag\voicegrad\data\wav\rms\wav\arctic_b0538.wav,clb_to_rms,generated_wavs/clb_to_rms/arctic_b0538.wav
clb,rms,arctic_b0539,C:\Users\puehrifi\OneDrive - Eawag\voicegrad\data\wav\clb\wav\arctic_b0539.wav,C:\Users\puehrifi\OneDrive - Eawag\voicegrad\data\wav\rms\wav\arctic_b0539.wav,clb_to_rms,generated_wavs/clb_to_rms/arctic_b0539.wav
clb,slt,arctic_b0508,C:\Users\puehrifi\OneDrive - Eawag\voicegrad\data\wav\clb\wav\arctic_b0508.wav,C:\Users\puehrifi\OneDrive - Eawag\voicegrad\data\wav\slt\wav\arctic_b0508.wav,clb_to_slt,generated_wavs/clb_to_slt/arctic_b0508.wav
clb,slt,arctic_b0509,C:\Users\puehrifi\OneDrive - Eawag\voicegrad\data\wav\clb\wav\arctic_b0509.wav,C:\Users\puehrifi\OneDrive - Eawag\voicegrad\data\wav\slt\wav\arctic_b0509.wav,clb_to_slt,generated_wavs/clb_to_slt/arctic_b0509.wav
clb,slt,arctic_b0510,C:\Users\puehrifi\OneDrive - Eawag\voicegrad\data\wav\clb\wav\arctic_b0510.wav,C:\Users\puehrifi\OneDrive - Eawag\voicegrad\data\wav\slt\wav\arctic_b0510.wav,clb_to_slt,generated_wavs/clb_to_slt/arctic_b0510.wav
clb,slt,arctic_b0511,C:\Users\puehrifi\OneDrive - Eawag\voicegrad\data\wav\clb\wav\arctic_b0511.wav,C:\Users\puehrifi\OneDrive - Eawag\voicegrad\data\wav\slt\wav\arctic_b0511.wav,clb_to_slt,generated_wavs/clb_to_slt/arctic_b0511.wav
clb,slt,arctic_b0512,C:\Users\puehrifi\OneDrive - Eawag\voicegrad\data\wav\clb\wav\arctic_b0512.wav,C:\Users\puehrifi\OneDrive - Eawag\voicegrad\data\wav\slt\wav\arctic_b0512.wav,clb_to_slt,generated_wavs/clb_to_slt/arctic_b0512.wav
clb,slt,arctic_b0513,C:\Users\puehrifi\OneDrive - Eawag\voicegrad\data\wav\clb\wav\arctic_b0513.wav,C:\Users\puehrifi\OneDrive - Eawag\voicegrad\data\wav\slt\wav\arctic_b0513.wav,clb_to_slt,generated_wavs/clb_to_slt/arctic_b0513.wav
clb,slt,arctic_b0514,C:\Users\puehrifi\OneDrive - Eawag\voicegrad\data\wav\clb\wav\arctic_b0514.wav,C:\Users\puehrifi\OneDrive - Eawag\voicegrad\data\wav\slt\wav\arctic_b0514.wav,clb_to_slt,generated_wavs/clb_to_slt/arctic_b0514.wav
clb,slt,arctic_b0515,C:\Users\puehrifi\OneDrive - Eawag\voicegrad\data\wav\clb\wav\arctic_b0515.wav,C:\Users\puehrifi\OneDrive - Eawag\voicegrad\data\wav\slt\wav\arctic_b0515.wav,clb_to_slt,generated_wavs/clb_to_slt/arctic_b0515.wav
clb,slt,arctic_b0516,C:\Users\puehrifi\OneDrive - Eawag\voicegrad\data\wav\clb\wav\arctic_b0516.wav,C:\Users\puehrifi\OneDrive - Eawag\voicegrad\data\wav\slt\wav\arctic_b0516.wav,clb_to_slt,generated_wavs/clb_to_slt/arctic_b0516.wav
clb,slt,arctic_b0517,C:\Users\puehrifi\OneDrive - Eawag\voicegrad\data\wav\clb\wav\arctic_b0517.wav,C:\Users\puehrifi\OneDrive - Eawag\voicegrad\data\wav\slt\wav\arctic_b0517.wav,clb_to_slt,generated_wavs/clb_to_slt/arctic_b0517.wav
clb,slt,arctic_b0518,C:\Users\puehrifi\OneDrive - Eawag\voicegrad\data\wav\clb\wav\arctic_b0518.wav,C:\Users\puehrifi\OneDrive - Eawag\voicegrad\data\wav\slt\wav\arctic_b0518.wav,clb_to_slt,generated_wavs/clb_to_slt/arctic_b0518.wav
clb,slt,arctic_b0519,C:\Users\puehrifi\OneDrive - Eawag\voicegrad\data\wav\clb\wav\arctic_b0519.wav,C:\Users\puehrifi\OneDrive - Eawag\voicegrad\data\wav\slt\wav\arctic_b0519.wav,clb_to_slt,generated_wavs/clb_to_slt/arctic_b0519.wav
clb,slt,arctic_b0520,C:\Users\puehrifi\OneDrive - Eawag\voicegrad\data\wav\clb\wav\arctic_b0520.wav,C:\Users\puehrifi\OneDrive - Eawag\voicegrad\data\wav\slt\wav\arctic_b0520.wav,clb_to_slt,generated_wavs/clb_to_slt/arctic_b0520.wav
clb,slt,arctic_b0521,C:\Users\puehrifi\OneDrive - Eawag\voicegrad\data\wav\clb\wav\arctic_b0521.wav,C:\Users\puehrifi\OneDrive - Eawag\voicegrad\data\wav\slt\wav\arctic_b0521.wav,clb_to_slt,generated_wavs/clb_to_slt/arctic_b0521.wav
clb,slt,arctic_b0522,C:\Users\puehrifi\OneDrive - Eawag\voicegrad\data\wav\clb\wav\arctic_b0522.wav,C:\Users\puehrifi\OneDrive - Eawag\voicegrad\data\wav\slt\wav\arctic_b0522.wav,clb_to_slt,generated_wavs/clb_to_slt/arctic_b0522.wav
clb,slt,arctic_b0523,C:\Users\puehrifi\OneDrive - Eawag\voicegrad\data\wav\clb\wav\arctic_b0523.wav,C:\Users\puehrifi\OneDrive - Eawag\voicegrad\data\wav\slt\wav\arctic_b0523.wav,clb_to_slt,generated_wavs/clb_to_slt/arctic_b0523.wav
clb,slt,arctic_b0524,C:\Users\puehrifi\OneDrive - Eawag\voicegrad\data\wav\clb\wav\arctic_b0524.wav,C:\Users\puehrifi\OneDrive - Eawag\voicegrad\data\wav\slt\wav\arctic_b0524.wav,clb_to_slt,generated_wavs/clb_to_slt/arctic_b0524.wav
clb,slt,arctic_b0525,C:\Users\puehrifi\OneDrive - Eawag\voicegrad\data\wav\clb\wav\arctic_b0525.wav,C:\Users\puehrifi\OneDrive - Eawag\voicegrad\data\wav\slt\wav\arctic_b0525.wav,clb_to_slt,generated_wavs/clb_to_slt/arctic_b0525.wav
clb,slt,arctic_b0526,C:\Users\puehrifi\OneDrive - Eawag\voicegrad\data\wav\clb\wav\arctic_b0526.wav,C:\Users\puehrifi\OneDrive - Eawag\voicegrad\data\wav\slt\wav\arctic_b0526.wav,clb_to_slt,generated_wavs/clb_to_slt/arctic_b0526.wav
clb,slt,arctic_b0527,C:\Users\puehrifi\OneDrive - Eawag\voicegrad\data\wav\clb\wav\arctic_b0527.wav,C:\Users\puehrifi\OneDrive - Eawag\voicegrad\data\wav\slt\wav\arctic_b0527.wav,clb_to_slt,generated_wavs/clb_to_slt/arctic_b0527.wav
clb,slt,arctic_b0528,C:\Users\puehrifi\OneDrive - Eawag\voicegrad\data\wav\clb\wav\arctic_b0528.wav,C:\Users\puehrifi\OneDrive - Eawag\voicegrad\data\wav\slt\wav\arctic_b0528.wav,clb_to_slt,generated_wavs/clb_to_slt/arctic_b0528.wav
clb,slt,arctic_b0529,C:\Users\puehrifi\OneDrive - Eawag\voicegrad\data\wav\clb\wav\arctic_b0529.wav,C:\Users\puehrifi\OneDrive - Eawag\voicegrad\data\wav\slt\wav\arctic_b0529.wav,clb_to_slt,generated_wavs/clb_to_slt/arctic_b0529.wav
clb,slt,arctic_b0530,C:\Users\puehrifi\OneDrive - Eawag\voicegrad\data\wav\clb\wav\arctic_b0530.wav,C:\Users\puehrifi\OneDrive - Eawag\voicegrad\data\wav\slt\wav\arctic_b0530.wav,clb_to_slt,generated_wavs/clb_to_slt/arctic_b0530.wav
clb,slt,arctic_b0531,C:\Users\puehrifi\OneDrive - Eawag\voicegrad\data\wav\clb\wav\arctic_b0531.wav,C:\Users\puehrifi\OneDrive - Eawag\voicegrad\data\wav\slt\wav\arctic_b0531.wav,clb_to_slt,generated_wavs/clb_to_slt/arctic_b0531.wav
clb,slt,arctic_b0532,C:\Users\puehrifi\OneDrive - Eawag\voicegrad\data\wav\clb\wav\arctic_b0532.wav,C:\Users\puehrifi\OneDrive - Eawag\voicegrad\data\wav\slt\wav\arctic_b0532.wav,clb_to_slt,generated_wavs/clb_to_slt/arctic_b0532.wav
clb,slt,arctic_b0533,C:\Users\puehrifi\OneDrive - Eawag\voicegrad\data\wav\clb\wav\arctic_b0533.wav,C:\Users\puehrifi\OneDrive - Eawag\voicegrad\data\wav\slt\wav\arctic_b0533.wav,clb_to_slt,generated_wavs/clb_to_slt/arctic_b0533.wav
clb,slt,arctic_b0534,C:\Users\puehrifi\OneDrive - Eawag\voicegrad\data\wav\clb\wav\arctic_b0534.wav,C:\Users\puehrifi\OneDrive - Eawag\voicegrad\data\wav\slt\wav\arctic_b0534.wav,clb_to_slt,generated_wavs/clb_to_slt/arctic_b0534.wav
clb,slt,arctic_b0535,C:\Users\puehrifi\OneDrive - Eawag\voicegrad\data\wav\clb\wav\arctic_b0535.wav,C:\Users\puehrifi\OneDrive - Eawag\voicegrad\data\wav\slt\wav\arctic_b0535.wav,clb_to_slt,generated_wavs/clb_to_slt/arctic_b0535.wav
clb,slt,arctic_b0536,C:\Users\puehrifi\OneDrive - Eawag\voicegrad\data\wav\clb\wav\arctic_b0536.wav,C:\Users\puehrifi\OneDrive - Eawag\voicegrad\data\wav\slt\wav\arctic_b0536.wav,clb_to_slt,generated_wavs/clb_to_slt/arctic_b0536.wav
clb,slt,arctic_b0537,C:\Users\puehrifi\OneDrive - Eawag\voicegrad\data\wav\clb\wav\arctic_b0537.wav,C:\Users\puehrifi\OneDrive - Eawag\voicegrad\data\wav\slt\wav\arctic_b0537.wav,clb_to_slt,generated_wavs/clb_to_slt/arctic_b0537.wav
clb,slt,arctic_b0538,C:\Users\puehrifi\OneDrive - Eawag\voicegrad\data\wav\clb\wav\arctic_b0538.wav,C:\Users\puehrifi\OneDrive - Eawag\voicegrad\data\wav\slt\wav\arctic_b0538.wav,clb_to_slt,generated_wavs/clb_to_slt/arctic_b0538.wav
clb,slt,arctic_b0539,C:\Users\puehrifi\OneDrive - Eawag\voicegrad\data\wav\clb\wav\arctic_b0539.wav,C:\Users\puehrifi\OneDrive - Eawag\voicegrad\data\wav\slt\wav\arctic_b0539.wav,clb_to_slt,generated_wavs/clb_to_slt/arctic_b0539.wav
rms,bdl,arctic_b0508,C:\Users\puehrifi\OneDrive - Eawag\voicegrad\data\wav\rms\wav\arctic_b0508.wav,C:\Users\puehrifi\OneDrive - Eawag\voicegrad\data\wav\bdl\wav\arctic_b0508.wav,rms_to_bdl,generated_wavs/rms_to_bdl/arctic_b0508.wav
rms,bdl,arctic_b0509,C:\Users\puehrifi\OneDrive - Eawag\voicegrad\data\wav\rms\wav\arctic_b0509.wav,C:\Users\puehrifi\OneDrive - Eawag\voicegrad\data\wav\bdl\wav\arctic_b0509.wav,rms_to_bdl,generated_wavs/rms_to_bdl/arctic_b0509.wav
rms,bdl,arctic_b0510,C:\Users\puehrifi\OneDrive - Eawag\voicegrad\data\wav\rms\wav\arctic_b0510.wav,C:\Users\puehrifi\OneDrive - Eawag\voicegrad\data\wav\bdl\wav\arctic_b0510.wav,rms_to_bdl,generated_wavs/rms_to_bdl/arctic_b0510.wav
rms,bdl,arctic_b0511,C:\Users\puehrifi\OneDrive - Eawag\voicegrad\data\wav\rms\wav\arctic_b0511.wav,C:\Users\puehrifi\OneDrive - Eawag\voicegrad\data\wav\bdl\wav\arctic_b0511.wav,rms_to_bdl,generated_wavs/rms_to_bdl/arctic_b0511.wav
rms,bdl,arctic_b0512,C:\Users\puehrifi\OneDrive - Eawag\voicegrad\data\wav\rms\wav\arctic_b0512.wav,C:\Users\puehrifi\OneDrive - Eawag\voicegrad\data\wav\bdl\wav\arctic_b0512.wav,rms_to_bdl,generated_wavs/rms_to_bdl/arctic_b0512.wav
rms,bdl,arctic_b0513,C:\Users\puehrifi\OneDrive - Eawag\voicegrad\data\wav\rms\wav\arctic_b0513.wav,C:\Users\puehrifi\OneDrive - Eawag\voicegrad\data\wav\bdl\wav\arctic_b0513.wav,rms_to_bdl,generated_wavs/rms_to_bdl/arctic_b0513.wav
rms,bdl,arctic_b0514,C:\Users\puehrifi\OneDrive - Eawag\voicegrad\data\wav\rms\wav\arctic_b0514.wav,C:\Users\puehrifi\OneDrive - Eawag\voicegrad\data\wav\bdl\wav\arctic_b0514.wav,rms_to_bdl,generated_wavs/rms_to_bdl/arctic_b0514.wav
rms,bdl,arctic_b0515,C:\Users\puehrifi\OneDrive - Eawag\voicegrad\data\wav\rms\wav\arctic_b0515.wav,C:\Users\puehrifi\OneDrive - Eawag\voicegrad\data\wav\bdl\wav\arctic_b0515.wav,rms_to_bdl,generated_wavs/rms_to_bdl/arctic_b0515.wav
rms,bdl,arctic_b0516,C:\Users\puehrifi\OneDrive - Eawag\voicegrad\data\wav\rms\wav\arctic_b0516.wav,C:\Users\puehrifi\OneDrive - Eawag\voicegrad\data\wav\bdl\wav\arctic_b0516.wav,rms_to_bdl,generated_wavs/rms_to_bdl/arctic_b0516.wav
rms,bdl,arctic_b0517,C:\Users\puehrifi\OneDrive - Eawag\voicegrad\data\wav\rms\wav\arctic_b0517.wav,C:\Users\puehrifi\OneDrive - Eawag\voicegrad\data\wav\bdl\wav\arctic_b0517.wav,rms_to_bdl,generated_wavs/rms_to_bdl/arctic_b0517.wav
rms,bdl,arctic_b0518,C:\Users\puehrifi\OneDrive - Eawag\voicegrad\data\wav\rms\wav\arctic_b0518.wav,C:\Users\puehrifi\OneDrive - Eawag\voicegrad\data\wav\bdl\wav\arctic_b0518.wav,rms_to_bdl,generated_wavs/rms_to_bdl/arctic_b0518.wav
rms,bdl,arctic_b0519,C:\Users\puehrifi\OneDrive - Eawag\voicegrad\data\wav\rms\wav\arctic_b0519.wav,C:\Users\puehrifi\OneDrive - Eawag\voicegrad\data\wav\bdl\wav\arctic_b0519.wav,rms_to_bdl,generated_wavs/rms_to_bdl/arctic_b0519.wav
rms,bdl,arctic_b0520,C:\Users\puehrifi\OneDrive - Eawag\voicegrad\data\wav\rms\wav\arctic_b0520.wav,C:\Users\puehrifi\OneDrive - Eawag\voicegrad\data\wav\bdl\wav\arctic_b0520.wav,rms_to_bdl,generated_wavs/rms_to_bdl/arctic_b0520.wav
rms,bdl,arctic_b0521,C:\Users\puehrifi\OneDrive - Eawag\voicegrad\data\wav\rms\wav\arctic_b0521.wav,C:\Users\puehrifi\OneDrive - Eawag\voicegrad\data\wav\bdl\wav\arctic_b0521.wav,rms_to_bdl,generated_wavs/rms_to_bdl/arctic_b0521.wav
rms,bdl,arctic_b0522,C:\Users\puehrifi\OneDrive - Eawag\voicegrad\data\wav\rms\wav\arctic_b0522.wav,C:\Users\puehrifi\OneDrive - Eawag\voicegrad\data\wav\bdl\wav\arctic_b0522.wav,rms_to_bdl,generated_wavs/rms_to_bdl/arctic_b0522.wav
rms,bdl,arctic_b0523,C:\Users\puehrifi\OneDrive - Eawag\voicegrad\data\wav\rms\wav\arctic_b0523.wav,C:\Users\puehrifi\OneDrive - Eawag\voicegrad\data\wav\bdl\wav\arctic_b0523.wav,rms_to_bdl,generated_wavs/rms_to_bdl/arctic_b0523.wav
rms,bdl,arctic_b0524,C:\Users\puehrifi\OneDrive - Eawag\voicegrad\data\wav\rms\wav\arctic_b0524.wav,C:\Users\puehrifi\OneDrive - Eawag\voicegrad\data\wav\bdl\wav\arctic_b0524.wav,rms_to_bdl,generated_wavs/rms_to_bdl/arctic_b0524.wav
rms,bdl,arctic_b0525,C:\Users\puehrifi\OneDrive - Eawag\voicegrad\data\wav\rms\wav\arctic_b0525.wav,C:\Users\puehrifi\OneDrive - Eawag\voicegrad\data\wav\bdl\wav\arctic_b0525.wav,rms_to_bdl,generated_wavs/rms_to_bdl/arctic_b0525.wav
rms,bdl,arctic_b0526,C:\Users\puehrifi\OneDrive - Eawag\voicegrad\data\wav\rms\wav\arctic_b0526.wav,C:\Users\puehrifi\OneDrive - Eawag\voicegrad\data\wav\bdl\wav\arctic_b0526.wav,rms_to_bdl,generated_wavs/rms_to_bdl/arctic_b0526.wav
rms,bdl,arctic_b0527,C:\Users\puehrifi\OneDrive - Eawag\voicegrad\data\wav\rms\wav\arctic_b0527.wav,C:\Users\puehrifi\OneDrive - Eawag\voicegrad\data\wav\bdl\wav\arctic_b0527.wav,rms_to_bdl,generated_wavs/rms_to_bdl/arctic_b0527.wav
rms,bdl,arctic_b0528,C:\Users\puehrifi\OneDrive - Eawag\voicegrad\data\wav\rms\wav\arctic_b0528.wav,C:\Users\puehrifi\OneDrive - Eawag\voicegrad\data\wav\bdl\wav\arctic_b0528.wav,rms_to_bdl,generated_wavs/rms_to_bdl/arctic_b0528.wav
rms,bdl,arctic_b0529,C:\Users\puehrifi\OneDrive - Eawag\voicegrad\data\wav\rms\wav\arctic_b0529.wav,C:\Users\puehrifi\OneDrive - Eawag\voicegrad\data\wav\bdl\wav\arctic_b0529.wav,rms_to_bdl,generated_wavs/rms_to_bdl/arctic_b0529.wav
rms,bdl,arctic_b0530,C:\Users\puehrifi\OneDrive - Eawag\voicegrad\data\wav\rms\wav\arctic_b0530.wav,C:\Users\puehrifi\OneDrive - Eawag\voicegrad\data\wav\bdl\wav\arctic_b0530.wav,rms_to_bdl,generated_wavs/rms_to_bdl/arctic_b0530.wav
rms,bdl,arctic_b0531,C:\Users\puehrifi\OneDrive - Eawag\voicegrad\data\wav\rms\wav\arctic_b0531.wav,C:\Users\puehrifi\OneDrive - Eawag\voicegrad\data\wav\bdl\wav\arctic_b0531.wav,rms_to_bdl,generated_wavs/rms_to_bdl/arctic_b0531.wav
rms,bdl,arctic_b0532,C:\Users\puehrifi\OneDrive - Eawag\voicegrad\data\wav\rms\wav\arctic_b0532.wav,C:\Users\puehrifi\OneDrive - Eawag\voicegrad\data\wav\bdl\wav\arctic_b0532.wav,rms_to_bdl,generated_wavs/rms_to_bdl/arctic_b0532.wav
rms,bdl,arctic_b0533,C:\Users\puehrifi\OneDrive - Eawag\voicegrad\data\wav\rms\wav\arctic_b0533.wav,C:\Users\puehrifi\OneDrive - Eawag\voicegrad\data\wav\bdl\wav\arctic_b0533.wav,rms_to_bdl,generated_wavs/rms_to_bdl/arctic_b0533.wav
rms,bdl,arctic_b0534,C:\Users\puehrifi\OneDrive - Eawag\voicegrad\data\wav\rms\wav\arctic_b0534.wav,C:\Users\puehrifi\OneDrive - Eawag\voicegrad\data\wav\bdl\wav\arctic_b0534.wav,rms_to_bdl,generated_wavs/rms_to_bdl/arctic_b0534.wav
rms,bdl,arctic_b0535,C:\Users\puehrifi\OneDrive - Eawag\voicegrad\data\wav\rms\wav\arctic_b0535.wav,C:\Users\puehrifi\OneDrive - Eawag\voicegrad\data\wav\bdl\wav\arctic_b0535.wav,rms_to_bdl,generated_wavs/rms_to_bdl/arctic_b0535.wav
rms,bdl,arctic_b0536,C:\Users\puehrifi\OneDrive - Eawag\voicegrad\data\wav\rms\wav\arctic_b0536.wav,C:\Users\puehrifi\OneDrive - Eawag\voicegrad\data\wav\bdl\wav\arctic_b0536.wav,rms_to_bdl,generated_wavs/rms_to_bdl/arctic_b0536.wav
rms,bdl,arctic_b0537,C:\Users\puehrifi\OneDrive - Eawag\voicegrad\data\wav\rms\wav\arctic_b0537.wav,C:\Users\puehrifi\OneDrive - Eawag\voicegrad\data\wav\bdl\wav\arctic_b0537.wav,rms_to_bdl,generated_wavs/rms_to_bdl/arctic_b0537.wav
rms,bdl,arctic_b0538,C:\Users\puehrifi\OneDrive - Eawag\voicegrad\data\wav\rms\wav\arctic_b0538.wav,C:\Users\puehrifi\OneDrive - Eawag\voicegrad\data\wav\bdl\wav\arctic_b0538.wav,rms_to_bdl,generated_wavs/rms_to_bdl/arctic_b0538.wav
rms,bdl,arctic_b0539,C:\Users\puehrifi\OneDrive - Eawag\voicegrad\data\wav\rms\wav\arctic_b0539.wav,C:\Users\puehrifi\OneDrive - Eawag\voicegrad\data\wav\bdl\wav\arctic_b0539.wav,rms_to_bdl,generated_wavs/rms_to_bdl/arctic_b0539.wav
rms,clb,arctic_b0508,C:\Users\puehrifi\OneDrive - Eawag\voicegrad\data\wav\rms\wav\arctic_b0508.wav,C:\Users\puehrifi\OneDrive - Eawag\voicegrad\data\wav\clb\wav\arctic_b0508.wav,rms_to_clb,generated_wavs/rms_to_clb/arctic_b0508.wav
rms,clb,arctic_b0509,C:\Users\puehrifi\OneDrive - Eawag\voicegrad\data\wav\rms\wav\arctic_b0509.wav,C:\Users\puehrifi\OneDrive - Eawag\voicegrad\data\wav\clb\wav\arctic_b0509.wav,rms_to_clb,generated_wavs/rms_to_clb/arctic_b0509.wav
rms,clb,arctic_b0510,C:\Users\puehrifi\OneDrive - Eawag\voicegrad\data\wav\rms\wav\arctic_b0510.wav,C:\Users\puehrifi\OneDrive - Eawag\voicegrad\data\wav\clb\wav\arctic_b0510.wav,rms_to_clb,generated_wavs/rms_to_clb/arctic_b0510.wav
rms,clb,arctic_b0511,C:\Users\puehrifi\OneDrive - Eawag\voicegrad\data\wav\rms\wav\arctic_b0511.wav,C:\Users\puehrifi\OneDrive - Eawag\voicegrad\data\wav\clb\wav\arctic_b0511.wav,rms_to_clb,generated_wavs/rms_to_clb/arctic_b0511.wav
rms,clb,arctic_b0512,C:\Users\puehrifi\OneDrive - Eawag\voicegrad\data\wav\rms\wav\arctic_b0512.wav,C:\Users\puehrifi\OneDrive - Eawag\voicegrad\data\wav\clb\wav\arctic_b0512.wav,rms_to_clb,generated_wavs/rms_to_clb/arctic_b0512.wav
rms,clb,arctic_b0513,C:\Users\puehrifi\OneDrive - Eawag\voicegrad\data\wav\rms\wav\arctic_b0513.wav,C:\Users\puehrifi\OneDrive - Eawag\voicegrad\data\wav\clb\wav\arctic_b0513.wav,rms_to_clb,generated_wavs/rms_to_clb/arctic_b0513.wav
rms,clb,arctic_b0514,C:\Users\puehrifi\OneDrive - Eawag\voicegrad\data\wav\rms\wav\arctic_b0514.wav,C:\Users\puehrifi\OneDrive - Eawag\voicegrad\data\wav\clb\wav\arctic_b0514.wav,rms_to_clb,generated_wavs/rms_to_clb/arctic_b0514.wav
rms,clb,arctic_b0515,C:\Users\puehrifi\OneDrive - Eawag\voicegrad\data\wav\rms\wav\arctic_b0515.wav,C:\Users\puehrifi\OneDrive - Eawag\voicegrad\data\wav\clb\wav\arctic_b0515.wav,rms_to_clb,generated_wavs/rms_to_clb/arctic_b0515.wav
rms,clb,arctic_b0516,C:\Users\puehrifi\OneDrive - Eawag\voicegrad\data\wav\rms\wav\arctic_b0516.wav,C:\Users\puehrifi\OneDrive - Eawag\voicegrad\data\wav\clb\wav\arctic_b0516.wav,rms_to_clb,generated_wavs/rms_to_clb/arctic_b0516.wav
rms,clb,arctic_b0517,C:\Users\puehrifi\OneDrive - Eawag\voicegrad\data\wav\rms\wav\arctic_b0517.wav,C:\Users\puehrifi\OneDrive - Eawag\voicegrad\data\wav\clb\wav\arctic_b0517.wav,rms_to_clb,generated_wavs/rms_to_clb/arctic_b0517.wav
rms,clb,arctic_b0518,C:\Users\puehrifi\OneDrive - Eawag\voicegrad\data\wav\rms\wav\arctic_b0518.wav,C:\Users\puehrifi\OneDrive - Eawag\voicegrad\data\wav\clb\wav\arctic_b0518.wav,rms_to_clb,generated_wavs/rms_to_clb/arctic_b0518.wav
rms,clb,arctic_b0519,C:\Users\puehrifi\OneDrive - Eawag\voicegrad\data\wav\rms\wav\arctic_b0519.wav,C:\Users\puehrifi\OneDrive - Eawag\voicegrad\data\wav\clb\wav\arctic_b0519.wav,rms_to_clb,generated_wavs/rms_to_clb/arctic_b0519.wav
rms,clb,arctic_b0520,C:\Users\puehrifi\OneDrive - Eawag\voicegrad\data\wav\rms\wav\arctic_b0520.wav,C:\Users\puehrifi\OneDrive - Eawag\voicegrad\data\wav\clb\wav\arctic_b0520.wav,rms_to_clb,generated_wavs/rms_to_clb/arctic_b0520.wav
rms,clb,arctic_b0521,C:\Users\puehrifi\OneDrive - Eawag\voicegrad\data\wav\rms\wav\arctic_b0521.wav,C:\Users\puehrifi\OneDrive - Eawag\voicegrad\data\wav\clb\wav\arctic_b0521.wav,rms_to_clb,generated_wavs/rms_to_clb/arctic_b0521.wav
rms,clb,arctic_b0522,C:\Users\puehrifi\OneDrive - Eawag\voicegrad\data\wav\rms\wav\arctic_b0522.wav,C:\Users\puehrifi\OneDrive - Eawag\voicegrad\data\wav\clb\wav\arctic_b0522.wav,rms_to_clb,generated_wavs/rms_to_clb/arctic_b0522.wav
rms,clb,arctic_b0523,C:\Users\puehrifi\OneDrive - Eawag\voicegrad\data\wav\rms\wav\arctic_b0523.wav,C:\Users\puehrifi\OneDrive - Eawag\voicegrad\data\wav\clb\wav\arctic_b0523.wav,rms_to_clb,generated_wavs/rms_to_clb/arctic_b0523.wav
rms,clb,arctic_b0524,C:\Users\puehrifi\OneDrive - Eawag\voicegrad\data\wav\rms\wav\arctic_b0524.wav,C:\Users\puehrifi\OneDrive - Eawag\voicegrad\data\wav\clb\wav\arctic_b0524.wav,rms_to_clb,generated_wavs/rms_to_clb/arctic_b0524.wav
rms,clb,arctic_b0525,C:\Users\puehrifi\OneDrive - Eawag\voicegrad\data\wav\rms\wav\arctic_b0525.wav,C:\Users\puehrifi\OneDrive - Eawag\voicegrad\data\wav\clb\wav\arctic_b0525.wav,rms_to_clb,generated_wavs/rms_to_clb/arctic_b0525.wav
rms,clb,arctic_b0526,C:\Users\puehrifi\OneDrive - Eawag\voicegrad\data\wav\rms\wav\arctic_b0526.wav,C:\Users\puehrifi\OneDrive - Eawag\voicegrad\data\wav\clb\wav\arctic_b0526.wav,rms_to_clb,generated_wavs/rms_to_clb/arctic_b0526.wav
rms,clb,arctic_b0527,C:\Users\puehrifi\OneDrive - Eawag\voicegrad\data\wav\rms\wav\arctic_b0527.wav,C:\Users\puehrifi\OneDrive - Eawag\voicegrad\data\wav\clb\wav\arctic_b0527.wav,rms_to_clb,generated_wavs/rms_to_clb/arctic_b0527.wav
rms,clb,arctic_b0528,C:\Users\puehrifi\OneDrive - Eawag\voicegrad\data\wav\rms\wav\arctic_b0528.wav,C:\Users\puehrifi\OneDrive - Eawag\voicegrad\data\wav\clb\wav\arctic_b0528.wav,rms_to_clb,generated_wavs/rms_to_clb/arctic_b0528.wav
rms,clb,arctic_b0529,C:\Users\puehrifi\OneDrive - Eawag\voicegrad\data\wav\rms\wav\arctic_b0529.wav,C:\Users\puehrifi\OneDrive - Eawag\voicegrad\data\wav\clb\wav\arctic_b0529.wav,rms_to_clb,generated_wavs/rms_to_clb/arctic_b0529.wav
rms,clb,arctic_b0530,C:\Users\puehrifi\OneDrive - Eawag\voicegrad\data\wav\rms\wav\arctic_b0530.wav,C:\Users\puehrifi\OneDrive - Eawag\voicegrad\data\wav\clb\wav\arctic_b0530.wav,rms_to_clb,generated_wavs/rms_to_clb/arctic_b0530.wav
rms,clb,arctic_b0531,C:\Users\puehrifi\OneDrive - Eawag\voicegrad\data\wav\rms\wav\arctic_b0531.wav,C:\Users\puehrifi\OneDrive - Eawag\voicegrad\data\wav\clb\wav\arctic_b0531.wav,rms_to_clb,generated_wavs/rms_to_clb/arctic_b0531.wav
rms,clb,arctic_b0532,C:\Users\puehrifi\OneDrive - Eawag\voicegrad\data\wav\rms\wav\arctic_b0532.wav,C:\Users\puehrifi\OneDrive - Eawag\voicegrad\data\wav\clb\wav\arctic_b0532.wav,rms_to_clb,generated_wavs/rms_to_clb/arctic_b0532.wav
rms,clb,arctic_b0533,C:\Users\puehrifi\OneDrive - Eawag\voicegrad\data\wav\rms\wav\arctic_b0533.wav,C:\Users\puehrifi\OneDrive - Eawag\voicegrad\data\wav\clb\wav\arctic_b0533.wav,rms_to_clb,generated_wavs/rms_to_clb/arctic_b0533.wav
rms,clb,arctic_b0534,C:\Users\puehrifi\OneDrive - Eawag\voicegrad\data\wav\rms\wav\arctic_b0534.wav,C:\Users\puehrifi\OneDrive - Eawag\voicegrad\data\wav\clb\wav\arctic_b0534.wav,rms_to_clb,generated_wavs/rms_to_clb/arctic_b0534.wav
rms,clb,arctic_b0535,C:\Users\puehrifi\OneDrive - Eawag\voicegrad\data\wav\rms\wav\arctic_b0535.wav,C:\Users\puehrifi\OneDrive - Eawag\voicegrad\data\wav\clb\wav\arctic_b0535.wav,rms_to_clb,generated_wavs/rms_to_clb/arctic_b0535.wav
rms,clb,arctic_b0536,C:\Users\puehrifi\OneDrive - Eawag\voicegrad\data\wav\rms\wav\arctic_b0536.wav,C:\Users\puehrifi\OneDrive - Eawag\voicegrad\data\wav\clb\wav\arctic_b0536.wav,rms_to_clb,generated_wavs/rms_to_clb/arctic_b0536.wav
rms,clb,arctic_b0537,C:\Users\puehrifi\OneDrive - Eawag\voicegrad\data\wav\rms\wav\arctic_b0537.wav,C:\Users\puehrifi\OneDrive - Eawag\voicegrad\data\wav\clb\wav\arctic_b0537.wav,rms_to_clb,generated_wavs/rms_to_clb/arctic_b0537.wav
rms,clb,arctic_b0538,C:\Users\puehrifi\OneDrive - Eawag\voicegrad\data\wav\rms\wav\arctic_b0538.wav,C:\Users\puehrifi\OneDrive - Eawag\voicegrad\data\wav\clb\wav\arctic_b0538.wav,rms_to_clb,generated_wavs/rms_to_clb/arctic_b0538.wav
rms,clb,arctic_b0539,C:\Users\puehrifi\OneDrive - Eawag\voicegrad\data\wav\rms\wav\arctic_b0539.wav,C:\Users\puehrifi\OneDrive - Eawag\voicegrad\data\wav\clb\wav\arctic_b0539.wav,rms_to_clb,generated_wavs/rms_to_clb/arctic_b0539.wav
rms,slt,arctic_b0508,C:\Users\puehrifi\OneDrive - Eawag\voicegrad\data\wav\rms\wav\arctic_b0508.wav,C:\Users\puehrifi\OneDrive - Eawag\voicegrad\data\wav\slt\wav\arctic_b0508.wav,rms_to_slt,generated_wavs/rms_to_slt/arctic_b0508.wav
rms,slt,arctic_b0509,C:\Users\puehrifi\OneDrive - Eawag\voicegrad\data\wav\rms\wav\arctic_b0509.wav,C:\Users\puehrifi\OneDrive - Eawag\voicegrad\data\wav\slt\wav\arctic_b0509.wav,rms_to_slt,generated_wavs/rms_to_slt/arctic_b0509.wav
rms,slt,arctic_b0510,C:\Users\puehrifi\OneDrive - Eawag\voicegrad\data\wav\rms\wav\arctic_b0510.wav,C:\Users\puehrifi\OneDrive - Eawag\voicegrad\data\wav\slt\wav\arctic_b0510.wav,rms_to_slt,generated_wavs/rms_to_slt/arctic_b0510.wav
rms,slt,arctic_b0511,C:\Users\puehrifi\OneDrive - Eawag\voicegrad\data\wav\rms\wav\arctic_b0511.wav,C:\Users\puehrifi\OneDrive - Eawag\voicegrad\data\wav\slt\wav\arctic_b0511.wav,rms_to_slt,generated_wavs/rms_to_slt/arctic_b0511.wav
rms,slt,arctic_b0512,C:\Users\puehrifi\OneDrive - Eawag\voicegrad\data\wav\rms\wav\arctic_b0512.wav,C:\Users\puehrifi\OneDrive - Eawag\voicegrad\data\wav\slt\wav\arctic_b0512.wav,rms_to_slt,generated_wavs/rms_to_slt/arctic_b0512.wav
rms,slt,arctic_b0513,C:\Users\puehrifi\OneDrive - Eawag\voicegrad\data\wav\rms\wav\arctic_b0513.wav,C:\Users\puehrifi\OneDrive - Eawag\voicegrad\data\wav\slt\wav\arctic_b0513.wav,rms_to_slt,generated_wavs/rms_to_slt/arctic_b0513.wav
rms,slt,arctic_b0514,C:\Users\puehrifi\OneDrive - Eawag\voicegrad\data\wav\rms\wav\arctic_b0514.wav,C:\Users\puehrifi\OneDrive - Eawag\voicegrad\data\wav\slt\wav\arctic_b0514.wav,rms_to_slt,generated_wavs/rms_to_slt/arctic_b0514.wav
rms,slt,arctic_b0515,C:\Users\puehrifi\OneDrive - Eawag\voicegrad\data\wav\rms\wav\arctic_b0515.wav,C:\Users\puehrifi\OneDrive - Eawag\voicegrad\data\wav\slt\wav\arctic_b0515.wav,rms_to_slt,generated_wavs/rms_to_slt/arctic_b0515.wav
rms,slt,arctic_b0516,C:\Users\puehrifi\OneDrive - Eawag\voicegrad\data\wav\rms\wav\arctic_b0516.wav,C:\Users\puehrifi\OneDrive - Eawag\voicegrad\data\wav\slt\wav\arctic_b0516.wav,rms_to_slt,generated_wavs/rms_to_slt/arctic_b0516.wav
rms,slt,arctic_b0517,C:\Users\puehrifi\OneDrive - Eawag\voicegrad\data\wav\rms\wav\arctic_b0517.wav,C:\Users\puehrifi\OneDrive - Eawag\voicegrad\data\wav\slt\wav\arctic_b0517.wav,rms_to_slt,generated_wavs/rms_to_slt/arctic_b0517.wav
rms,slt,arctic_b0518,C:\Users\puehrifi\OneDrive - Eawag\voicegrad\data\wav\rms\wav\arctic_b0518.wav,C:\Users\puehrifi\OneDrive - Eawag\voicegrad\data\wav\slt\wav\arctic_b0518.wav,rms_to_slt,generated_wavs/rms_to_slt/arctic_b0518.wav
rms,slt,arctic_b0519,C:\Users\puehrifi\OneDrive - Eawag\voicegrad\data\wav\rms\wav\arctic_b0519.wav,C:\Users\puehrifi\OneDrive - Eawag\voicegrad\data\wav\slt\wav\arctic_b0519.wav,rms_to_slt,generated_wavs/rms_to_slt/arctic_b0519.wav
rms,slt,arctic_b0520,C:\Users\puehrifi\OneDrive - Eawag\voicegrad\data\wav\rms\wav\arctic_b0520.wav,C:\Users\puehrifi\OneDrive - Eawag\voicegrad\data\wav\slt\wav\arctic_b0520.wav,rms_to_slt,generated_wavs/rms_to_slt/arctic_b0520.wav
rms,slt,arctic_b0521,C:\Users\puehrifi\OneDrive - Eawag\voicegrad\data\wav\rms\wav\arctic_b0521.wav,C:\Users\puehrifi\OneDrive - Eawag\voicegrad\data\wav\slt\wav\arctic_b0521.wav,rms_to_slt,generated_wavs/rms_to_slt/arctic_b0521.wav
rms,slt,arctic_b0522,C:\Users\puehrifi\OneDrive - Eawag\voicegrad\data\wav\rms\wav\arctic_b0522.wav,C:\Users\puehrifi\OneDrive - Eawag\voicegrad\data\wav\slt\wav\arctic_b0522.wav,rms_to_slt,generated_wavs/rms_to_slt/arctic_b0522.wav
rms,slt,arctic_b0523,C:\Users\puehrifi\OneDrive - Eawag\voicegrad\data\wav\rms\wav\arctic_b0523.wav,C:\Users\puehrifi\OneDrive - Eawag\voicegrad\data\wav\slt\wav\arctic_b0523.wav,rms_to_slt,generated_wavs/rms_to_slt/arctic_b0523.wav
rms,slt,arctic_b0524,C:\Users\puehrifi\OneDrive - Eawag\voicegrad\data\wav\rms\wav\arctic_b0524.wav,C:\Users\puehrifi\OneDrive - Eawag\voicegrad\data\wav\slt\wav\arctic_b0524.wav,rms_to_slt,generated_wavs/rms_to_slt/arctic_b0524.wav
rms,slt,arctic_b0525,C:\Users\puehrifi\OneDrive - Eawag\voicegrad\data\wav\rms\wav\arctic_b0525.wav,C:\Users\puehrifi\OneDrive - Eawag\voicegrad\data\wav\slt\wav\arctic_b0525.wav,rms_to_slt,generated_wavs/rms_to_slt/arctic_b0525.wav
rms,slt,arctic_b0526,C:\Users\puehrifi\OneDrive - Eawag\voicegrad\data\wav\rms\wav\arctic_b0526.wav,C:\Users\puehrifi\OneDrive - Eawag\voicegrad\data\wav\slt\wav\arctic_b0526.wav,rms_to_slt,generated_wavs/rms_to_slt/arctic_b0526.wav
rms,slt,arctic_b0527,C:\Users\puehrifi\OneDrive - Eawag\voicegrad\data\wav\rms\wav\arctic_b0527.wav,C:\Users\puehrifi\OneDrive - Eawag\voicegrad\data\wav\slt\wav\arctic_b0527.wav,rms_to_slt,generated_wavs/rms_to_slt/arctic_b0527.wav
rms,slt,arctic_b0528,C:\Users\puehrifi\OneDrive - Eawag\voicegrad\data\wav\rms\wav\arctic_b0528.wav,C:\Users\puehrifi\OneDrive - Eawag\voicegrad\data\wav\slt\wav\arctic_b0528.wav,rms_to_slt,generated_wavs/rms_to_slt/arctic_b0528.wav
rms,slt,arctic_b0529,C:\Users\puehrifi\OneDrive - Eawag\voicegrad\data\wav\rms\wav\arctic_b0529.wav,C:\Users\puehrifi\OneDrive - Eawag\voicegrad\data\wav\slt\wav\arctic_b0529.wav,rms_to_slt,generated_wavs/rms_to_slt/arctic_b0529.wav
rms,slt,arctic_b0530,C:\Users\puehrifi\OneDrive - Eawag\voicegrad\data\wav\rms\wav\arctic_b0530.wav,C:\Users\puehrifi\OneDrive - Eawag\voicegrad\data\wav\slt\wav\arctic_b0530.wav,rms_to_slt,generated_wavs/rms_to_slt/arctic_b0530.wav
rms,slt,arctic_b0531,C:\Users\puehrifi\OneDrive - Eawag\voicegrad\data\wav\rms\wav\arctic_b0531.wav,C:\Users\puehrifi\OneDrive - Eawag\voicegrad\data\wav\slt\wav\arctic_b0531.wav,rms_to_slt,generated_wavs/rms_to_slt/arctic_b0531.wav
rms,slt,arctic_b0532,C:\Users\puehrifi\OneDrive - Eawag\voicegrad\data\wav\rms\wav\arctic_b0532.wav,C:\Users\puehrifi\OneDrive - Eawag\voicegrad\data\wav\slt\wav\arctic_b0532.wav,rms_to_slt,generated_wavs/rms_to_slt/arctic_b0532.wav
rms,slt,arctic_b0533,C:\Users\puehrifi\OneDrive - Eawag\voicegrad\data\wav\rms\wav\arctic_b0533.wav,C:\Users\puehrifi\OneDrive - Eawag\voicegrad\data\wav\slt\wav\arctic_b0533.wav,rms_to_slt,generated_wavs/rms_to_slt/arctic_b0533.wav
rms,slt,arctic_b0534,C:\Users\puehrifi\OneDrive - Eawag\voicegrad\data\wav\rms\wav\arctic_b0534.wav,C:\Users\puehrifi\OneDrive - Eawag\voicegrad\data\wav\slt\wav\arctic_b0534.wav,rms_to_slt,generated_wavs/rms_to_slt/arctic_b0534.wav
rms,slt,arctic_b0535,C:\Users\puehrifi\OneDrive - Eawag\voicegrad\data\wav\rms\wav\arctic_b0535.wav,C:\Users\puehrifi\OneDrive - Eawag\voicegrad\data\wav\slt\wav\arctic_b0535.wav,rms_to_slt,generated_wavs/rms_to_slt/arctic_b0535.wav
rms,slt,arctic_b0536,C:\Users\puehrifi\OneDrive - Eawag\voicegrad\data\wav\rms\wav\arctic_b0536.wav,C:\Users\puehrifi\OneDrive - Eawag\voicegrad\data\wav\slt\wav\arctic_b0536.wav,rms_to_slt,generated_wavs/rms_to_slt/arctic_b0536.wav
rms,slt,arctic_b0537,C:\Users\puehrifi\OneDrive - Eawag\voicegrad\data\wav\rms\wav\arctic_b0537.wav,C:\Users\puehrifi\OneDrive - Eawag\voicegrad\data\wav\slt\wav\arctic_b0537.wav,rms_to_slt,generated_wavs/rms_to_slt/arctic_b0537.wav
rms,slt,arctic_b0538,C:\Users\puehrifi\OneDrive - Eawag\voicegrad\data\wav\rms\wav\arctic_b0538.wav,C:\Users\puehrifi\OneDrive - Eawag\voicegrad\data\wav\slt\wav\arctic_b0538.wav,rms_to_slt,generated_wavs/rms_to_slt/arctic_b0538.wav
rms,slt,arctic_b0539,C:\Users\puehrifi\OneDrive - Eawag\voicegrad\data\wav\rms\wav\arctic_b0539.wav,C:\Users\puehrifi\OneDrive - Eawag\voicegrad\data\wav\slt\wav\arctic_b0539.wav,rms_to_slt,generated_wavs/rms_to_slt/arctic_b0539.wav
slt,bdl,arctic_b0508,C:\Users\puehrifi\OneDrive - Eawag\voicegrad\data\wav\slt\wav\arctic_b0508.wav,C:\Users\puehrifi\OneDrive - Eawag\voicegrad\data\wav\bdl\wav\arctic_b0508.wav,slt_to_bdl,generated_wavs/slt_to_bdl/arctic_b0508.wav
slt,bdl,arctic_b0509,C:\Users\puehrifi\OneDrive - Eawag\voicegrad\data\wav\slt\wav\arctic_b0509.wav,C:\Users\puehrifi\OneDrive - Eawag\voicegrad\data\wav\bdl\wav\arctic_b0509.wav,slt_to_bdl,generated_wavs/slt_to_bdl/arctic_b0509.wav
slt,bdl,arctic_b0510,C:\Users\puehrifi\OneDrive - Eawag\voicegrad\data\wav\slt\wav\arctic_b0510.wav,C:\Users\puehrifi\OneDrive - Eawag\voicegrad\data\wav\bdl\wav\arctic_b0510.wav,slt_to_bdl,generated_wavs/slt_to_bdl/arctic_b0510.wav
slt,bdl,arctic_b0511,C:\Users\puehrifi\OneDrive - Eawag\voicegrad\data\wav\slt\wav\arctic_b0511.wav,C:\Users\puehrifi\OneDrive - Eawag\voicegrad\data\wav\bdl\wav\arctic_b0511.wav,slt_to_bdl,generated_wavs/slt_to_bdl/arctic_b0511.wav
slt,bdl,arctic_b0512,C:\Users\puehrifi\OneDrive - Eawag\voicegrad\data\wav\slt\wav\arctic_b0512.wav,C:\Users\puehrifi\OneDrive - Eawag\voicegrad\data\wav\bdl\wav\arctic_b0512.wav,slt_to_bdl,generated_wavs/slt_to_bdl/arctic_b0512.wav
slt,bdl,arctic_b0513,C:\Users\puehrifi\OneDrive - Eawag\voicegrad\data\wav\slt\wav\arctic_b0513.wav,C:\Users\puehrifi\OneDrive - Eawag\voicegrad\data\wav\bdl\wav\arctic_b0513.wav,slt_to_bdl,generated_wavs/slt_to_bdl/arctic_b0513.wav
slt,bdl,arctic_b0514,C:\Users\puehrifi\OneDrive - Eawag\voicegrad\data\wav\slt\wav\arctic_b0514.wav,C:\Users\puehrifi\OneDrive - Eawag\voicegrad\data\wav\bdl\wav\arctic_b0514.wav,slt_to_bdl,generated_wavs/slt_to_bdl/arctic_b0514.wav
slt,bdl,arctic_b0515,C:\Users\puehrifi\OneDrive - Eawag\voicegrad\data\wav\slt\wav\arctic_b0515.wav,C:\Users\puehrifi\OneDrive - Eawag\voicegrad\data\wav\bdl\wav\arctic_b0515.wav,slt_to_bdl,generated_wavs/slt_to_bdl/arctic_b0515.wav
slt,bdl,arctic_b0516,C:\Users\puehrifi\OneDrive - Eawag\voicegrad\data\wav\slt\wav\arctic_b0516.wav,C:\Users\puehrifi\OneDrive - Eawag\voicegrad\data\wav\bdl\wav\arctic_b0516.wav,slt_to_bdl,generated_wavs/slt_to_bdl/arctic_b0516.wav
slt,bdl,arctic_b0517,C:\Users\puehrifi\OneDrive - Eawag\voicegrad\data\wav\slt\wav\arctic_b0517.wav,C:\Users\puehrifi\OneDrive - Eawag\voicegrad\data\wav\bdl\wav\arctic_b0517.wav,slt_to_bdl,generated_wavs/slt_to_bdl/arctic_b0517.wav
slt,bdl,arctic_b0518,C:\Users\puehrifi\OneDrive - Eawag\voicegrad\data\wav\slt\wav\arctic_b0518.wav,C:\Users\puehrifi\OneDrive - Eawag\voicegrad\data\wav\bdl\wav\arctic_b0518.wav,slt_to_bdl,generated_wavs/slt_to_bdl/arctic_b0518.wav
slt,bdl,arctic_b0519,C:\Users\puehrifi\OneDrive - Eawag\voicegrad\data\wav\slt\wav\arctic_b0519.wav,C:\Users\puehrifi\OneDrive - Eawag\voicegrad\data\wav\bdl\wav\arctic_b0519.wav,slt_to_bdl,generated_wavs/slt_to_bdl/arctic_b0519.wav
slt,bdl,arctic_b0520,C:\Users\puehrifi\OneDrive - Eawag\voicegrad\data\wav\slt\wav\arctic_b0520.wav,C:\Users\puehrifi\OneDrive - Eawag\voicegrad\data\wav\bdl\wav\arctic_b0520.wav,slt_to_bdl,generated_wavs/slt_to_bdl/arctic_b0520.wav
slt,bdl,arctic_b0521,C:\Users\puehrifi\OneDrive - Eawag\voicegrad\data\wav\slt\wav\arctic_b0521.wav,C:\Users\puehrifi\OneDrive - Eawag\voicegrad\data\wav\bdl\wav\arctic_b0521.wav,slt_to_bdl,generated_wavs/slt_to_bdl/arctic_b0521.wav
slt,bdl,arctic_b0522,C:\Users\puehrifi\OneDrive - Eawag\voicegrad\data\wav\slt\wav\arctic_b0522.wav,C:\Users\puehrifi\OneDrive - Eawag\voicegrad\data\wav\bdl\wav\arctic_b0522.wav,slt_to_bdl,generated_wavs/slt_to_bdl/arctic_b0522.wav
slt,bdl,arctic_b0523,C:\Users\puehrifi\OneDrive - Eawag\voicegrad\data\wav\slt\wav\arctic_b0523.wav,C:\Users\puehrifi\OneDrive - Eawag\voicegrad\data\wav\bdl\wav\arctic_b0523.wav,slt_to_bdl,generated_wavs/slt_to_bdl/arctic_b0523.wav
slt,bdl,arctic_b0524,C:\Users\puehrifi\OneDrive - Eawag\voicegrad\data\wav\slt\wav\arctic_b0524.wav,C:\Users\puehrifi\OneDrive - Eawag\voicegrad\data\wav\bdl\wav\arctic_b0524.wav,slt_to_bdl,generated_wavs/slt_to_bdl/arctic_b0524.wav
slt,bdl,arctic_b0525,C:\Users\puehrifi\OneDrive - Eawag\voicegrad\data\wav\slt\wav\arctic_b0525.wav,C:\Users\puehrifi\OneDrive - Eawag\voicegrad\data\wav\bdl\wav\arctic_b0525.wav,slt_to_bdl,generated_wavs/slt_to_bdl/arctic_b0525.wav
slt,bdl,arctic_b0526,C:\Users\puehrifi\OneDrive - Eawag\voicegrad\data\wav\slt\wav\arctic_b0526.wav,C:\Users\puehrifi\OneDrive - Eawag\voicegrad\data\wav\bdl\wav\arctic_b0526.wav,slt_to_bdl,generated_wavs/slt_to_bdl/arctic_b0526.wav
slt,bdl,arctic_b0527,C:\Users\puehrifi\OneDrive - Eawag\voicegrad\data\wav\slt\wav\arctic_b0527.wav,C:\Users\puehrifi\OneDrive - Eawag\voicegrad\data\wav\bdl\wav\arctic_b0527.wav,slt_to_bdl,generated_wavs/slt_to_bdl/arctic_b0527.wav
slt,bdl,arctic_b0528,C:\Users\puehrifi\OneDrive - Eawag\voicegrad\data\wav\slt\wav\arctic_b0528.wav,C:\Users\puehrifi\OneDrive - Eawag\voicegrad\data\wav\bdl\wav\arctic_b0528.wav,slt_to_bdl,generated_wavs/slt_to_bdl/arctic_b0528.wav
slt,bdl,arctic_b0529,C:\Users\puehrifi\OneDrive - Eawag\voicegrad\data\wav\slt\wav\arctic_b0529.wav,C:\Users\puehrifi\OneDrive - Eawag\voicegrad\data\wav\bdl\wav\arctic_b0529.wav,slt_to_bdl,generated_wavs/slt_to_bdl/arctic_b0529.wav
slt,bdl,arctic_b0530,C:\Users\puehrifi\OneDrive - Eawag\voicegrad\data\wav\slt\wav\arctic_b0530.wav,C:\Users\puehrifi\OneDrive - Eawag\voicegrad\data\wav\bdl\wav\arctic_b0530.wav,slt_to_bdl,generated_wavs/slt_to_bdl/arctic_b0530.wav
slt,bdl,arctic_b0531,C:\Users\puehrifi\OneDrive - Eawag\voicegrad\data\wav\slt\wav\arctic_b0531.wav,C:\Users\puehrifi\OneDrive - Eawag\voicegrad\data\wav\bdl\wav\arctic_b0531.wav,slt_to_bdl,generated_wavs/slt_to_bdl/arctic_b0531.wav
slt,bdl,arctic_b0532,C:\Users\puehrifi\OneDrive - Eawag\voicegrad\data\wav\slt\wav\arctic_b0532.wav,C:\Users\puehrifi\OneDrive - Eawag\voicegrad\data\wav\bdl\wav\arctic_b0532.wav,slt_to_bdl,generated_wavs/slt_to_bdl/arctic_b0532.wav
slt,bdl,arctic_b0533,C:\Users\puehrifi\OneDrive - Eawag\voicegrad\data\wav\slt\wav\arctic_b0533.wav,C:\Users\puehrifi\OneDrive - Eawag\voicegrad\data\wav\bdl\wav\arctic_b0533.wav,slt_to_bdl,generated_wavs/slt_to_bdl/arctic_b0533.wav
slt,bdl,arctic_b0534,C:\Users\puehrifi\OneDrive - Eawag\voicegrad\data\wav\slt\wav\arctic_b0534.wav,C:\Users\puehrifi\OneDrive - Eawag\voicegrad\data\wav\bdl\wav\arctic_b0534.wav,slt_to_bdl,generated_wavs/slt_to_bdl/arctic_b0534.wav
slt,bdl,arctic_b0535,C:\Users\puehrifi\OneDrive - Eawag\voicegrad\data\wav\slt\wav\arctic_b0535.wav,C:\Users\puehrifi\OneDrive - Eawag\voicegrad\data\wav\bdl\wav\arctic_b0535.wav,slt_to_bdl,generated_wavs/slt_to_bdl/arctic_b0535.wav
slt,bdl,arctic_b0536,C:\Users\puehrifi\OneDrive - Eawag\voicegrad\data\wav\slt\wav\arctic_b0536.wav,C:\Users\puehrifi\OneDrive - Eawag\voicegrad\data\wav\bdl\wav\arctic_b0536.wav,slt_to_bdl,generated_wavs/slt_to_bdl/arctic_b0536.wav
slt,bdl,arctic_b0537,C:\Users\puehrifi\OneDrive - Eawag\voicegrad\data\wav\slt\wav\arctic_b0537.wav,C:\Users\puehrifi\OneDrive - Eawag\voicegrad\data\wav\bdl\wav\arctic_b0537.wav,slt_to_bdl,generated_wavs/slt_to_bdl/arctic_b0537.wav
slt,bdl,arctic_b0538,C:\Users\puehrifi\OneDrive - Eawag\voicegrad\data\wav\slt\wav\arctic_b0538.wav,C:\Users\puehrifi\OneDrive - Eawag\voicegrad\data\wav\bdl\wav\arctic_b0538.wav,slt_to_bdl,generated_wavs/slt_to_bdl/arctic_b0538.wav
slt,bdl,arctic_b0539,C:\Users\puehrifi\OneDrive - Eawag\voicegrad\data\wav\slt\wav\arctic_b0539.wav,C:\Users\puehrifi\OneDrive - Eawag\voicegrad\data\wav\bdl\wav\arctic_b0539.wav,slt_to_bdl,generated_wavs/slt_to_bdl/arctic_b0539.wav
slt,clb,arctic_b0508,C:\Users\puehrifi\OneDrive - Eawag\voicegrad\data\wav\slt\wav\arctic_b0508.wav,C:\Users\puehrifi\OneDrive - Eawag\voicegrad\data\wav\clb\wav\arctic_b0508.wav,slt_to_clb,generated_wavs/slt_to_clb/arctic_b0508.wav
slt,clb,arctic_b0509,C:\Users\puehrifi\OneDrive - Eawag\voicegrad\data\wav\slt\wav\arctic_b0509.wav,C:\Users\puehrifi\OneDrive - Eawag\voicegrad\data\wav\clb\wav\arctic_b0509.wav,slt_to_clb,generated_wavs/slt_to_clb/arctic_b0509.wav
slt,clb,arctic_b0510,C:\Users\puehrifi\OneDrive - Eawag\voicegrad\data\wav\slt\wav\arctic_b0510.wav,C:\Users\puehrifi\OneDrive - Eawag\voicegrad\data\wav\clb\wav\arctic_b0510.wav,slt_to_clb,generated_wavs/slt_to_clb/arctic_b0510.wav
slt,clb,arctic_b0511,C:\Users\puehrifi\OneDrive - Eawag\voicegrad\data\wav\slt\wav\arctic_b0511.wav,C:\Users\puehrifi\OneDrive - Eawag\voicegrad\data\wav\clb\wav\arctic_b0511.wav,slt_to_clb,generated_wavs/slt_to_clb/arctic_b0511.wav
slt,clb,arctic_b0512,C:\Users\puehrifi\OneDrive - Eawag\voicegrad\data\wav\slt\wav\arctic_b0512.wav,C:\Users\puehrifi\OneDrive - Eawag\voicegrad\data\wav\clb\wav\arctic_b0512.wav,slt_to_clb,generated_wavs/slt_to_clb/arctic_b0512.wav
slt,clb,arctic_b0513,C:\Users\puehrifi\OneDrive - Eawag\voicegrad\data\wav\slt\wav\arctic_b0513.wav,C:\Users\puehrifi\OneDrive - Eawag\voicegrad\data\wav\clb\wav\arctic_b0513.wav,slt_to_clb,generated_wavs/slt_to_clb/arctic_b0513.wav
slt,clb,arctic_b0514,C:\Users\puehrifi\OneDrive - Eawag\voicegrad\data\wav\slt\wav\arctic_b0514.wav,C:\Users\puehrifi\OneDrive - Eawag\voicegrad\data\wav\clb\wav\arctic_b0514.wav,slt_to_clb,generated_wavs/slt_to_clb/arctic_b0514.wav
slt,clb,arctic_b0515,C:\Users\puehrifi\OneDrive - Eawag\voicegrad\data\wav\slt\wav\arctic_b0515.wav,C:\Users\puehrifi\OneDrive - Eawag\voicegrad\data\wav\clb\wav\arctic_b0515.wav,slt_to_clb,generated_wavs/slt_to_clb/arctic_b0515.wav
slt,clb,arctic_b0516,C:\Users\puehrifi\OneDrive - Eawag\voicegrad\data\wav\slt\wav\arctic_b0516.wav,C:\Users\puehrifi\OneDrive - Eawag\voicegrad\data\wav\clb\wav\arctic_b0516.wav,slt_to_clb,generated_wavs/slt_to_clb/arctic_b0516.wav
slt,clb,arctic_b0517,C:\Users\puehrifi\OneDrive - Eawag\voicegrad\data\wav\slt\wav\arctic_b0517.wav,C:\Users\puehrifi\OneDrive - Eawag\voicegrad\data\wav\clb\wav\arctic_b0517.wav,slt_to_clb,generated_wavs/slt_to_clb/arctic_b0517.wav
slt,clb,arctic_b0518,C:\Users\puehrifi\OneDrive - Eawag\voicegrad\data\wav\slt\wav\arctic_b0518.wav,C:\Users\puehrifi\OneDrive - Eawag\voicegrad\data\wav\clb\wav\arctic_b0518.wav,slt_to_clb,generated_wavs/slt_to_clb/arctic_b0518.wav
slt,clb,arctic_b0519,C:\Users\puehrifi\OneDrive - Eawag\voicegrad\data\wav\slt\wav\arctic_b0519.wav,C:\Users\puehrifi\OneDrive - Eawag\voicegrad\data\wav\clb\wav\arctic_b0519.wav,slt_to_clb,generated_wavs/slt_to_clb/arctic_b0519.wav
slt,clb,arctic_b0520,C:\Users\puehrifi\OneDrive - Eawag\voicegrad\data\wav\slt\wav\arctic_b0520.wav,C:\Users\puehrifi\OneDrive - Eawag\voicegrad\data\wav\clb\wav\arctic_b0520.wav,slt_to_clb,generated_wavs/slt_to_clb/arctic_b0520.wav
slt,clb,arctic_b0521,C:\Users\puehrifi\OneDrive - Eawag\voicegrad\data\wav\slt\wav\arctic_b0521.wav,C:\Users\puehrifi\OneDrive - Eawag\voicegrad\data\wav\clb\wav\arctic_b0521.wav,slt_to_clb,generated_wavs/slt_to_clb/arctic_b0521.wav
slt,clb,arctic_b0522,C:\Users\puehrifi\OneDrive - Eawag\voicegrad\data\wav\slt\wav\arctic_b0522.wav,C:\Users\puehrifi\OneDrive - Eawag\voicegrad\data\wav\clb\wav\arctic_b0522.wav,slt_to_clb,generated_wavs/slt_to_clb/arctic_b0522.wav
slt,clb,arctic_b0523,C:\Users\puehrifi\OneDrive - Eawag\voicegrad\data\wav\slt\wav\arctic_b0523.wav,C:\Users\puehrifi\OneDrive - Eawag\voicegrad\data\wav\clb\wav\arctic_b0523.wav,slt_to_clb,generated_wavs/slt_to_clb/arctic_b0523.wav
slt,clb,arctic_b0524,C:\Users\puehrifi\OneDrive - Eawag\voicegrad\data\wav\slt\wav\arctic_b0524.wav,C:\Users\puehrifi\OneDrive - Eawag\voicegrad\data\wav\clb\wav\arctic_b0524.wav,slt_to_clb,generated_wavs/slt_to_clb/arctic_b0524.wav
slt,clb,arctic_b0525,C:\Users\puehrifi\OneDrive - Eawag\voicegrad\data\wav\slt\wav\arctic_b0525.wav,C:\Users\puehrifi\OneDrive - Eawag\voicegrad\data\wav\clb\wav\arctic_b0525.wav,slt_to_clb,generated_wavs/slt_to_clb/arctic_b0525.wav
slt,clb,arctic_b0526,C:\Users\puehrifi\OneDrive - Eawag\voicegrad\data\wav\slt\wav\arctic_b0526.wav,C:\Users\puehrifi\OneDrive - Eawag\voicegrad\data\wav\clb\wav\arctic_b0526.wav,slt_to_clb,generated_wavs/slt_to_clb/arctic_b0526.wav
slt,clb,arctic_b0527,C:\Users\puehrifi\OneDrive - Eawag\voicegrad\data\wav\slt\wav\arctic_b0527.wav,C:\Users\puehrifi\OneDrive - Eawag\voicegrad\data\wav\clb\wav\arctic_b0527.wav,slt_to_clb,generated_wavs/slt_to_clb/arctic_b0527.wav
slt,clb,arctic_b0528,C:\Users\puehrifi\OneDrive - Eawag\voicegrad\data\wav\slt\wav\arctic_b0528.wav,C:\Users\puehrifi\OneDrive - Eawag\voicegrad\data\wav\clb\wav\arctic_b0528.wav,slt_to_clb,generated_wavs/slt_to_clb/arctic_b0528.wav
slt,clb,arctic_b0529,C:\Users\puehrifi\OneDrive - Eawag\voicegrad\data\wav\slt\wav\arctic_b0529.wav,C:\Users\puehrifi\OneDrive - Eawag\voicegrad\data\wav\clb\wav\arctic_b0529.wav,slt_to_clb,generated_wavs/slt_to_clb/arctic_b0529.wav
slt,clb,arctic_b0530,C:\Users\puehrifi\OneDrive - Eawag\voicegrad\data\wav\slt\wav\arctic_b0530.wav,C:\Users\puehrifi\OneDrive - Eawag\voicegrad\data\wav\clb\wav\arctic_b0530.wav,slt_to_clb,generated_wavs/slt_to_clb/arctic_b0530.wav
slt,clb,arctic_b0531,C:\Users\puehrifi\OneDrive - Eawag\voicegrad\data\wav\slt\wav\arctic_b0531.wav,C:\Users\puehrifi\OneDrive - Eawag\voicegrad\data\wav\clb\wav\arctic_b0531.wav,slt_to_clb,generated_wavs/slt_to_clb/arctic_b0531.wav
slt,clb,arctic_b0532,C:\Users\puehrifi\OneDrive - Eawag\voicegrad\data\wav\slt\wav\arctic_b0532.wav,C:\Users\puehrifi\OneDrive - Eawag\voicegrad\data\wav\clb\wav\arctic_b0532.wav,slt_to_clb,generated_wavs/slt_to_clb/arctic_b0532.wav
slt,clb,arctic_b0533,C:\Users\puehrifi\OneDrive - Eawag\voicegrad\data\wav\slt\wav\arctic_b0533.wav,C:\Users\puehrifi\OneDrive - Eawag\voicegrad\data\wav\clb\wav\arctic_b0533.wav,slt_to_clb,generated_wavs/slt_to_clb/arctic_b0533.wav
slt,clb,arctic_b0534,C:\Users\puehrifi\OneDrive - Eawag\voicegrad\data\wav\slt\wav\arctic_b0534.wav,C:\Users\puehrifi\OneDrive - Eawag\voicegrad\data\wav\clb\wav\arctic_b0534.wav,slt_to_clb,generated_wavs/slt_to_clb/arctic_b0534.wav
slt,clb,arctic_b0535,C:\Users\puehrifi\OneDrive - Eawag\voicegrad\data\wav\slt\wav\arctic_b0535.wav,C:\Users\puehrifi\OneDrive - Eawag\voicegrad\data\wav\clb\wav\arctic_b0535.wav,slt_to_clb,generated_wavs/slt_to_clb/arctic_b0535.wav
slt,clb,arctic_b0536,C:\Users\puehrifi\OneDrive - Eawag\voicegrad\data\wav\slt\wav\arctic_b0536.wav,C:\Users\puehrifi\OneDrive - Eawag\voicegrad\data\wav\clb\wav\arctic_b0536.wav,slt_to_clb,generated_wavs/slt_to_clb/arctic_b0536.wav
slt,clb,arctic_b0537,C:\Users\puehrifi\OneDrive - Eawag\voicegrad\data\wav\slt\wav\arctic_b0537.wav,C:\Users\puehrifi\OneDrive - Eawag\voicegrad\data\wav\clb\wav\arctic_b0537.wav,slt_to_clb,generated_wavs/slt_to_clb/arctic_b0537.wav
slt,clb,arctic_b0538,C:\Users\puehrifi\OneDrive - Eawag\voicegrad\data\wav\slt\wav\arctic_b0538.wav,C:\Users\puehrifi\OneDrive - Eawag\voicegrad\data\wav\clb\wav\arctic_b0538.wav,slt_to_clb,generated_wavs/slt_to_clb/arctic_b0538.wav
slt,clb,arctic_b0539,C:\Users\puehrifi\OneDrive - Eawag\voicegrad\data\wav\slt\wav\arctic_b0539.wav,C:\Users\puehrifi\OneDrive - Eawag\voicegrad\data\wav\clb\wav\arctic_b0539.wav,slt_to_clb,generated_wavs/slt_to_clb/arctic_b0539.wav
slt,rms,arctic_b0508,C:\Users\puehrifi\OneDrive - Eawag\voicegrad\data\wav\slt\wav\arctic_b0508.wav,C:\Users\puehrifi\OneDrive - Eawag\voicegrad\data\wav\rms\wav\arctic_b0508.wav,slt_to_rms,generated_wavs/slt_to_rms/arctic_b0508.wav
slt,rms,arctic_b0509,C:\Users\puehrifi\OneDrive - Eawag\voicegrad\data\wav\slt\wav\arctic_b0509.wav,C:\Users\puehrifi\OneDrive - Eawag\voicegrad\data\wav\rms\wav\arctic_b0509.wav,slt_to_rms,generated_wavs/slt_to_rms/arctic_b0509.wav
slt,rms,arctic_b0510,C:\Users\puehrifi\OneDrive - Eawag\voicegrad\data\wav\slt\wav\arctic_b0510.wav,C:\Users\puehrifi\OneDrive - Eawag\voicegrad\data\wav\rms\wav\arctic_b0510.wav,slt_to_rms,generated_wavs/slt_to_rms/arctic_b0510.wav
slt,rms,arctic_b0511,C:\Users\puehrifi\OneDrive - Eawag\voicegrad\data\wav\slt\wav\arctic_b0511.wav,C:\Users\puehrifi\OneDrive - Eawag\voicegrad\data\wav\rms\wav\arctic_b0511.wav,slt_to_rms,generated_wavs/slt_to_rms/arctic_b0511.wav
slt,rms,arctic_b0512,C:\Users\puehrifi\OneDrive - Eawag\voicegrad\data\wav\slt\wav\arctic_b0512.wav,C:\Users\puehrifi\OneDrive - Eawag\voicegrad\data\wav\rms\wav\arctic_b0512.wav,slt_to_rms,generated_wavs/slt_to_rms/arctic_b0512.wav
slt,rms,arctic_b0513,C:\Users\puehrifi\OneDrive - Eawag\voicegrad\data\wav\slt\wav\arctic_b0513.wav,C:\Users\puehrifi\OneDrive - Eawag\voicegrad\data\wav\rms\wav\arctic_b0513.wav,slt_to_rms,generated_wavs/slt_to_rms/arctic_b0513.wav
slt,rms,arctic_b0514,C:\Users\puehrifi\OneDrive - Eawag\voicegrad\data\wav\slt\wav\arctic_b0514.wav,C:\Users\puehrifi\OneDrive - Eawag\voicegrad\data\wav\rms\wav\arctic_b0514.wav,slt_to_rms,generated_wavs/slt_to_rms/arctic_b0514.wav
slt,rms,arctic_b0515,C:\Users\puehrifi\OneDrive - Eawag\voicegrad\data\wav\slt\wav\arctic_b0515.wav,C:\Users\puehrifi\OneDrive - Eawag\voicegrad\data\wav\rms\wav\arctic_b0515.wav,slt_to_rms,generated_wavs/slt_to_rms/arctic_b0515.wav
slt,rms,arctic_b0516,C:\Users\puehrifi\OneDrive - Eawag\voicegrad\data\wav\slt\wav\arctic_b0516.wav,C:\Users\puehrifi\OneDrive - Eawag\voicegrad\data\wav\rms\wav\arctic_b0516.wav,slt_to_rms,generated_wavs/slt_to_rms/arctic_b0516.wav
slt,rms,arctic_b0517,C:\Users\puehrifi\OneDrive - Eawag\voicegrad\data\wav\slt\wav\arctic_b0517.wav,C:\Users\puehrifi\OneDrive - Eawag\voicegrad\data\wav\rms\wav\arctic_b0517.wav,slt_to_rms,generated_wavs/slt_to_rms/arctic_b0517.wav
slt,rms,arctic_b0518,C:\Users\puehrifi\OneDrive - Eawag\voicegrad\data\wav\slt\wav\arctic_b0518.wav,C:\Users\puehrifi\OneDrive - Eawag\voicegrad\data\wav\rms\wav\arctic_b0518.wav,slt_to_rms,generated_wavs/slt_to_rms/arctic_b0518.wav
slt,rms,arctic_b0519,C:\Users\puehrifi\OneDrive - Eawag\voicegrad\data\wav\slt\wav\arctic_b0519.wav,C:\Users\puehrifi\OneDrive - Eawag\voicegrad\data\wav\rms\wav\arctic_b0519.wav,slt_to_rms,generated_wavs/slt_to_rms/arctic_b0519.wav
slt,rms,arctic_b0520,C:\Users\puehrifi\OneDrive - Eawag\voicegrad\data\wav\slt\wav\arctic_b0520.wav,C:\Users\puehrifi\OneDrive - Eawag\voicegrad\data\wav\rms\wav\arctic_b0520.wav,slt_to_rms,generated_wavs/slt_to_rms/arctic_b0520.wav
slt,rms,arctic_b0521,C:\Users\puehrifi\OneDrive - Eawag\voicegrad\data\wav\slt\wav\arctic_b0521.wav,C:\Users\puehrifi\OneDrive - Eawag\voicegrad\data\wav\rms\wav\arctic_b0521.wav,slt_to_rms,generated_wavs/slt_to_rms/arctic_b0521.wav
slt,rms,arctic_b0522,C:\Users\puehrifi\OneDrive - Eawag\voicegrad\data\wav\slt\wav\arctic_b0522.wav,C:\Users\puehrifi\OneDrive - Eawag\voicegrad\data\wav\rms\wav\arctic_b0522.wav,slt_to_rms,generated_wavs/slt_to_rms/arctic_b0522.wav
slt,rms,arctic_b0523,C:\Users\puehrifi\OneDrive - Eawag\voicegrad\data\wav\slt\wav\arctic_b0523.wav,C:\Users\puehrifi\OneDrive - Eawag\voicegrad\data\wav\rms\wav\arctic_b0523.wav,slt_to_rms,generated_wavs/slt_to_rms/arctic_b0523.wav
slt,rms,arctic_b0524,C:\Users\puehrifi\OneDrive - Eawag\voicegrad\data\wav\slt\wav\arctic_b0524.wav,C:\Users\puehrifi\OneDrive - Eawag\voicegrad\data\wav\rms\wav\arctic_b0524.wav,slt_to_rms,generated_wavs/slt_to_rms/arctic_b0524.wav
slt,rms,arctic_b0525,C:\Users\puehrifi\OneDrive - Eawag\voicegrad\data\wav\slt\wav\arctic_b0525.wav,C:\Users\puehrifi\OneDrive - Eawag\voicegrad\data\wav\rms\wav\arctic_b0525.wav,slt_to_rms,generated_wavs/slt_to_rms/arctic_b0525.wav
slt,rms,arctic_b0526,C:\Users\puehrifi\OneDrive - Eawag\voicegrad\data\wav\slt\wav\arctic_b0526.wav,C:\Users\puehrifi\OneDrive - Eawag\voicegrad\data\wav\rms\wav\arctic_b0526.wav,slt_to_rms,generated_wavs/slt_to_rms/arctic_b0526.wav
slt,rms,arctic_b0527,C:\Users\puehrifi\OneDrive - Eawag\voicegrad\data\wav\slt\wav\arctic_b0527.wav,C:\Users\puehrifi\OneDrive - Eawag\voicegrad\data\wav\rms\wav\arctic_b0527.wav,slt_to_rms,generated_wavs/slt_to_rms/arctic_b0527.wav
slt,rms,arctic_b0528,C:\Users\puehrifi\OneDrive - Eawag\voicegrad\data\wav\slt\wav\arctic_b0528.wav,C:\Users\puehrifi\OneDrive - Eawag\voicegrad\data\wav\rms\wav\arctic_b0528.wav,slt_to_rms,generated_wavs/slt_to_rms/arctic_b0528.wav
slt,rms,arctic_b0529,C:\Users\puehrifi\OneDrive - Eawag\voicegrad\data\wav\slt\wav\arctic_b0529.wav,C:\Users\puehrifi\OneDrive - Eawag\voicegrad\data\wav\rms\wav\arctic_b0529.wav,slt_to_rms,generated_wavs/slt_to_rms/arctic_b0529.wav
slt,rms,arctic_b0530,C:\Users\puehrifi\OneDrive - Eawag\voicegrad\data\wav\slt\wav\arctic_b0530.wav,C:\Users\puehrifi\OneDrive - Eawag\voicegrad\data\wav\rms\wav\arctic_b0530.wav,slt_to_rms,generated_wavs/slt_to_rms/arctic_b0530.wav
slt,rms,arctic_b0531,C:\Users\puehrifi\OneDrive - Eawag\voicegrad\data\wav\slt\wav\arctic_b0531.wav,C:\Users\puehrifi\OneDrive - Eawag\voicegrad\data\wav\rms\wav\arctic_b0531.wav,slt_to_rms,generated_wavs/slt_to_rms/arctic_b0531.wav
slt,rms,arctic_b0532,C:\Users\puehrifi\OneDrive - Eawag\voicegrad\data\wav\slt\wav\arctic_b0532.wav,C:\Users\puehrifi\OneDrive - Eawag\voicegrad\data\wav\rms\wav\arctic_b0532.wav,slt_to_rms,generated_wavs/slt_to_rms/arctic_b0532.wav
slt,rms,arctic_b0533,C:\Users\puehrifi\OneDrive - Eawag\voicegrad\data\wav\slt\wav\arctic_b0533.wav,C:\Users\puehrifi\OneDrive - Eawag\voicegrad\data\wav\rms\wav\arctic_b0533.wav,slt_to_rms,generated_wavs/slt_to_rms/arctic_b0533.wav
slt,rms,arctic_b0534,C:\Users\puehrifi\OneDrive - Eawag\voicegrad\data\wav\slt\wav\arctic_b0534.wav,C:\Users\puehrifi\OneDrive - Eawag\voicegrad\data\wav\rms\wav\arctic_b0534.wav,slt_to_rms,generated_wavs/slt_to_rms/arctic_b0534.wav
slt,rms,arctic_b0535,C:\Users\puehrifi\OneDrive - Eawag\voicegrad\data\wav\slt\wav\arctic_b0535.wav,C:\Users\puehrifi\OneDrive - Eawag\voicegrad\data\wav\rms\wav\arctic_b0535.wav,slt_to_rms,generated_wavs/slt_to_rms/arctic_b0535.wav
slt,rms,arctic_b0536,C:\Users\puehrifi\OneDrive - Eawag\voicegrad\data\wav\slt\wav\arctic_b0536.wav,C:\Users\puehrifi\OneDrive - Eawag\voicegrad\data\wav\rms\wav\arctic_b0536.wav,slt_to_rms,generated_wavs/slt_to_rms/arctic_b0536.wav
slt,rms,arctic_b0537,C:\Users\puehrifi\OneDrive - Eawag\voicegrad\data\wav\slt\wav\arctic_b0537.wav,C:\Users\puehrifi\OneDrive - Eawag\voicegrad\data\wav\rms\wav\arctic_b0537.wav,slt_to_rms,generated_wavs/slt_to_rms/arctic_b0537.wav
slt,rms,arctic_b0538,C:\Users\puehrifi\OneDrive - Eawag\voicegrad\data\wav\slt\wav\arctic_b0538.wav,C:\Users\puehrifi\OneDrive - Eawag\voicegrad\data\wav\rms\wav\arctic_b0538.wav,slt_to_rms,generated_wavs/slt_to_rms/arctic_b0538.wav
slt,rms,arctic_b0539,C:\Users\puehrifi\OneDrive - Eawag\voicegrad\data\wav\slt\wav\arctic_b0539.wav,C:\Users\puehrifi\OneDrive - Eawag\voicegrad\data\wav\rms\wav\arctic_b0539.wav,slt_to_rms,generated_wavs/slt_to_rms/arctic_b0539.wav
